name1,name2,similarity,distance
pwmpzehgqsijftll,pwmpzehgqsijftl,1,87.3447703212787
lqkidfbzbtwuez,lqkidfbzbtwxuez,1,55.49968373166992
sjisllxixzmxlxra,sjisllxixzmxlxr,1,81.6796431910145
tnbuhqpefcthbm,ktnbuhqpefcthbm,1,78.66876438615427
zqdgraifukpvjxrh,zqdgraifukpvjxr,1,87.79733142547573
iiuaiklepwzksk,iiuaiklepwzlksk,1,109.08337579986576
ahzxgncoyekvbc,ahzxgncoyekmvbc,1,95.74044702692186
dkrreiafouyeugqi,dkrreiafouyeugq,1,70.71711088697214
axvbgkutnkpdxifc,axvbgkutnkpdxif,1,104.718046301456
sdxkqfpdkfxeqk,sgdxkqfpdkfxeqk,1,55.98360536923825
kuexlndvrbgmgj,kuexlndkvrbgmgj,1,126.9017249301452
kabqvgebpxfnneeo,kabqvgebpxfnnee,1,51.114873392877264
lttlymclwswzwsvq,lttlymclwswzwsv,1,55.19200502618156
oqwfzvrdfapmst,oqwfzvrdfaxpmst,1,72.74815264580853
nibgfykyxnwbeklg,nibgfykyxnwbekl,1,121.77395506384163
ouvkvqdnwziwqkha,ouvkvqdnwziwqkh,1,103.63445433708927
usprtmsppxpyrxyn,usprtmsppxpyrxy,1,95.80766454025537
jpwlgiswrsrohnht,jpwlgiswrsrohnh,1,103.3474871108207
dqbetbbjtnmcjfyh,dqbetbbjtnmcjfy,1,100.92586090202107
nlzxhfpewcagrx,nlzxhfpbewcagrx,1,79.99323483768934
doogkgpglaovaptc,doogkgpglaovapt,1,105.18276169670793
afxtotoeapwvzwpw,afxtotoeapwvzwp,1,104.86523804354289
epgerasqdmmyvlwo,epgerasqdmmyvlw,1,36.71580416339604
qgkqmgfuvauvhwbi,qgkqmgfuvauvhwb,1,89.93899316906231
cniurthlenyskrgc,cniurthlenyskrg,1,142.6893699047641
dbhensjgbbsoiuzy,dbhensjgbbsoiuz,1,95.35404352423438
axkuflnhldopnv,axkufwlnhldopnv,1,95.99588203727707
jiisjtnghrsdzr,jkiisjtnghrsdzr,1,119.10514579747571
wybmltmlrsyuszum,wybmltmlrsyuszu,1,83.90900428442619
lrmriipdnzxnkefz,lrmriipdnzxnkef,1,58.017271670138996
jotfjkovmiuvqtvt,jotfjkovmiuvqtv,1,109.1289775401182
arnqxokykdzyfatx,arnqxokykdzyfat,1,135.18483148719199
cnrfsprfuunjhw,cnrfsprfuunjhaw,1,55.048959812933255
bqpbtdngirjytrum,bqpbtdngirjytru,1,37.24939829999622
lwndprbybwtvja,lwndprbybwtvjau,1,96.6260001134228
ekkrucsmbltstz,ekkrucsmbltstzc,1,48.38668675694606
hwqgdbuczbgmhxzw,hwqgdbuczbgmhxz,1,70.96154233550305
acketlkpxhcgimcw,acketlkpxhcgimc,1,146.41593271383772
bisfdxniyizulhfr,bisfdxniyizulhf,1,101.07329582720419
kqnjrejujqrvjwan,kqnjrejujqrvjwa,1,77.14518531985678
kqwimeaozrwqgw,kqwidmeaozrwqgw,1,81.19746096448459
nvduvfplxjipyglk,nvduvfplxjipygl,1,87.26158163777275
oqjijwwcfiglkf,oqjijwwcfigslkf,1,142.86171499269386
htebawyvckuavnua,htebawyvckuavnu,1,36.30925671123746
cyubtpcgdjfwzz,cyubtpcgdjfwzlz,1,119.23362698917258
logdscrsxumqlj,logndscrsxumqlj,1,100.89649580765439
weeeglyyvdqftc,weeetglyyvdqftc,1,66.03522944446351
yfxwxcklmeoqrn,yfxwxckllmeoqrn,1,113.55257644799214
ttjpappqdiotlgfd,ttjpappqdiotlgf,1,100.18005136783724
mzyydyydppppzuvq,mzyydyydppppzuv,1,117.67034873597481
inxyxxyvuotrwxbz,inxyxxyvuotrwxb,1,80.64517222634497
jjvyswnvthefvn,jejvyswnvthefvn,1,81.24208813197932
qcmbkhlrvzkophoz,qcmbkhlrvzkopho,1,112.59495760908061
uofuqqkcfuvxlhzl,uofuqqkcfuvxlhz,1,87.84391819073161
zqvgwmpeoxzgqv,zlqvgwmpeoxzgqv,1,101.86384630610605
yllhschuezltstae,yllhschuezltsta,1,98.21617024868641
zpvccyfoysopbb,zpvccyfocysopbb,1,95.0762639227745
jaucbcioebjptl,jaucbciojebjptl,1,55.09644548265192
uhvhflhmwgpvezuo,uhvhflhmwgpvezu,1,98.34145579929253
bojcqojklxplftqf,bojcqojklxplftq,1,84.42332533977276
uanajlvwovchjv,uanajlvmwovchjv,1,42.03754089990732
sygrihsacxbhbh,sygorihsacxbhbh,1,95.78776534620965
xbotjzlbssqrryrv,xbotjzlbssqrryr,1,107.98210353916907
taevjytephhirirm,taevjytephhirir,1,84.61890068485184
lcarbrkaoznjrmgi,lcarbrkaoznjrmg,1,44.60458838232189
yoksktuoqmwvqm,yoksbktuoqmwvqm,1,125.98525603867694
cdwcggblcrmsxsij,cdwcggblcrmsxsi,1,104.21383523659051
alkngsfscegxqm,xalkngsfscegxqm,1,73.73430814974172
jrqhddwtdpswjdsg,jrqhddwtdpswjds,1,37.57532220053267
gzvxbpinfcoewtsw,gzvxbpinfcoewts,1,134.6056179117609
cswltndcewpqpxou,cswltndcewpqpxo,1,132.10569827499293
lmgzlxhknghlxp,elmgzlxhknghlxp,1,101.34200755511536
qbuxyesztjadggdk,qbuxyesztjadggd,1,127.3638354676542
sykzwdrzxoanaz,sykzwdrzxoanlaz,1,102.86546605233089
yzovcikfjotqax,yzovcikfjzotqax,1,110.34728311838816
xpbnqoupguslwg,xpbnqoupgsuslwg,1,68.62730301715601
lozrugdazmiyullk,lozrugdazmiyull,1,15.707190023867922
oezeyhedvoryafef,oezeyhedvoryafe,1,100.36375207228507
wpzroaymtsqmvpup,wpzroaymtsqmvpu,1,96.69616909176456
dverjmjgpevlfd,dverjmjgpeavlfd,1,60.02999658256785
nwduoqdevnkswsjb,nwduoqdevnkswsj,1,19.956875530768496
umxtmkgckagzao,umxtmkgckagzwao,1,119.386556401292
ryuoyrlbdxcnnkxl,ryuoyrlbdxcnnkx,1,116.89655732227322
zhepginmihohyq,zhepginvmihohyq,1,114.55423657818099
jziqaqkjfpeodmft,jziqaqkjfpeodmf,1,83.47411815337372
excpcptwvjqdhdvl,excpcptwvjqdhdv,1,86.60832853920496
hyspwzswdbygaand,hyspwzswdbygaan,1,53.02926886713587
ibirysoxfodbfspi,ibirysoxfodbfsp,1,134.469386210136
fobqzntbovzwgg,fobqzntbovzwggb,1,96.08033401029302
bowrijhmgvozyn,bowrijhmgvozync,1,119.67691877154373
jwniuusemnavwvpj,jwniuusemnavwvp,1,86.99747879475865
vmykigypqphlue,vmyrkigypqphlue,1,39.828008733850226
tlsrdyenyjfiybuk,tlsrdyenyjfiybu,1,81.91472264970619
lreaxbabuhufkf,lreaxbabuhufdkf,1,66.85945239800003
yqzsmfdvkfjzbu,yqzsmfdvkkfjzbu,1,31.251643931432856
incrzstkjhihruzw,incrzstkjhihruz,1,48.693205515099436
bymfrktomazfyk,bygmfrktomazfyk,1,74.02089686507759
fzukqauidmuiex,fzukqauidmuiiex,1,63.817416290484154
yydnmnqngnlhbk,yydnmnqngnnlhbk,1,107.94585709454812
mpkabjnomalvtsas,mpkabjnomalvtsa,1,73.58366571965783
uewcxngiqptgtp,guewcxngiqptgtp,1,114.4240646597297
itoppnbfteqchw,iztoppnbfteqchw,1,107.4856316316996
yefzfihixuufhk,yefzfihixauufhk,1,114.74589866348181
bobalhgibzdhqpli,bobalhgibzdhqpl,1,90.62486517764029
jfqylsnyfukfgl,jfqylsnyfukfagl,1,108.87952137285325
higogvomqaaxji,higogovomqaaxji,1,65.37866930223856
zyvbgesspydqwf,yzyvbgesspydqwf,1,56.910260638498755
ukkgdmpjgquitw,ukkgddmpjgquitw,1,13.96250843378991
kldrhjbvmkuzcy,kldrhjbbvmkuzcy,1,33.65264998096734
heuyznhvgbdsvbsm,heuyznhvgbdsvbs,1,14.917114528364387
phrvvuzqbbpszrwm,phrvvuzqbbpszrw,1,134.02618196353365
oiwstfxbmbvpqcmn,oiwstfxbmbvpqcm,1,43.1627988463363
gxzvkoqhkpuidn,fgxzvkoqhkpuidn,1,85.72223093477042
dlgyscnctoibucwf,dlgyscnctoibucw,1,78.79022337373101
melnbthncalgue,melynbthncalgue,1,104.56829845337825
ocktyuihezfdjiul,ocktyuihezfdjiu,1,102.47705817786675
efvotvengdnemc,efvotvengdnemlc,1,61.35968380338647
xofoudwjqrkffppb,xofoudwjqrkffpp,1,104.43587818273703
fojefvdzskhmktlr,fojefvdzskhmktl,1,40.0929554529321
rlinsrtmhmhogbnp,rlinsrtmhmhogbn,1,84.67202733225147
korfcofajgyvba,korfcofajgyjvba,1,98.8136082400285
ryagmaimryhgbp,ryagmaimryhgmbp,1,110.85863998771761
divtzoebclxmnzbw,divtzoebclxmnzb,1,26.15130200248243
qhcguklmhckyrh,qhcbguklmhckyrh,1,109.22462144265543
flqygxfxykcexx,flqygxfxykcexvx,1,33.61584382943843
qiwueqkdqkcpvj,qiwueqbkdqkcpvj,1,43.111775654694895
urpeujfxpcabes,urpeujfxpcabevs,1,107.72967107861977
dpzwspgkbriwxcaw,dpzwspgkbriwxca,1,83.22394469752268
dhyayainrddbti,dhyayaitnrddbti,1,73.48071697445658
fcijemejzcpfkasu,fcijemejzcpfkas,1,102.94853382374816
fqypfvtmaogaqf,fqypfvtmaogaqfe,1,63.640540881181664
vmaktanyhjyngh,vmaktanyhjynghc,1,135.13420058214402
hxjlfsqvresahx,hxjlfsqvresgahx,1,114.26219473081515
vrfrpuzbumdxjnup,vrfrpuzbumdxjnu,1,73.59609386870903
jrysuggrlztsfe,jrysuggrlztsfce,1,64.44902301713988
hhwoxuhbfedxuz,hhwoxujhbfedxuz,1,25.02129057443086
nuttnvbcnaftkq,nuttnvbcsnaftkq,1,103.14792930649796
slbxdnpxzhvvbc,slbxdnpxzhcvvbc,1,132.88524585846406
qqwimbosxkjkkd,qqwimbosxkjkkdr,1,143.24836307712022
fvkxyyjrqhiurp,fhvkxyyjrqhiurp,1,87.43069748424587
lvlsbnxeerifhbma,lvlsbnxeerifhbm,1,117.57088103676816
gjnjbqtfrftzftvl,gjnjbqtfrftzftv,1,59.61289388949839
pqxdwiepiducopvt,pqxdwiepiducopv,1,37.59464125916265
sbekktetivjjmwkk,sbekktetivjjmwk,1,100.91710211189937
mzyxaidiahubmlll,mzyxaidiahubmll,1,112.74934632890499
puoqmlhhlieovb,jpuoqmlhhlieovb,1,51.92047322304332
qoilyjbhigaxoc,qoivlyjbhigaxoc,1,65.63496584577724
hmqofmelkamevz,hmqofmelkamevvz,1,96.92591414132315
qjtnvttxuoyorekh,qjtnvttxuoyorek,1,78.88697301231882
qzcjaonckccwfu,qzcjawonckccwfu,1,55.71937976572383
opypqlmqgfvizakr,opypqlmqgfvizak,1,94.30515542983001
jxvnspmsvoajff,jxmvnspmsvoajff,1,96.1331865904009
iyoqontldiiujwww,iyoqontldiiujww,1,119.41902083070755
skzykkusneziwm,skzykkuesneziwm,1,74.55455725675627
dgdwimrvpnswazpp,dgdwimrvpnswazp,1,88.65595208751722
skelwdlvnlwjhzeh,skelwdlvnlwjhze,1,97.946903933705
uictxopuojkdzvsv,uictxopuojkdzvs,1,137.82726788985494
kzouwkdnifqpyygn,kzouwkdnifqpyyg,1,56.980330886377274
dliynoziygrbmm,dliynoziytgrbmm,1,57.00314540155388
sendjoaxuyeylgik,sendjoaxuyeylgi,1,35.08279434030238
rdvjnqllawjsbtnd,rdvjnqllawjsbtn,1,50.95084409682371
kzifvptxurzzysci,kzifvptxurzzysc,1,102.85052307282263
jjxehslqrttpdtfl,jjxehslqrttpdtf,1,46.07312245245983
kxffrcndxbkgry,kxffgrcndxbkgry,1,46.23419872347331
xwhuuncpaqxfzj,xwhuuncpaqdxfzj,1,137.1214079204144
shcayepooktuenxf,shcayepooktuenx,1,127.0947550945026
ydnetdtcakxpjr,ydnetdtfcakxpjr,1,90.44666152500393
rgjpnhctvqzgkqru,rgjpnhctvqzgkqr,1,81.8379674456859
ejcqtcuweejylr,ejcqetcuweejylr,1,108.64211828918418
eqrszfwznugoff,eqrszfwznugoffb,1,147.7124248192256
ikyyqrwfxmxviynm,ikyyqrwfxmxviyn,1,132.9317289439227
bamxuvzubxwgxw,bamxuvqzubxwgxw,1,70.85595836812787
hirtteslaozijl,htirtteslaozijl,1,89.74830166623437
ksbcxqkcikdsqdma,ksbcxqkcikdsqdm,1,75.20736113711963
epbwbhmfbtbgau,epdbwbhmfbtbgau,1,129.78017227269154
bkwekynoozeuqr,bokwekynoozeuqr,1,45.432384969944486
yntheibruhiqlkwn,yntheibruhiqlkw,1,83.18403993957544
plrlyggpjuopjyzu,plrlyggpjuopjyz,1,41.640087317105205
jvtckjiqxizvvhfd,jvtckjiqxizvvhf,1,99.42124973436606
vicdwelfiwmtccoo,vicdwelfiwmtcco,1,40.64470062760598
kpijotuklbwfrp,kvpijotuklbwfrp,1,117.28435442973979
wcymdnpxheywfy,ywcymdnpxheywfy,1,33.53940271803592
oljzsqtspioseu,oljzssqtspioseu,1,107.35215159355504
yjzujiovgwcozkra,yjzujiovgwcozkr,1,123.53676905858966
dmoegvgxnbjqzfle,dmoegvgxnbjqzfl,1,83.64472359614982
dcigpwwiqxsjmmiv,dcigpwwiqxsjmmi,1,83.72861166326453
vqktyinpslrmjoiw,vqktyinpslrmjoi,1,39.20450100391507
gsfqofjawnmhbrdl,gsfqofjawnmhbrd,1,62.96044162235444
wyejealbqkvmarfu,wyejealbqkvmarf,1,89.91704859117505
bdsosrpxmhtfwp,bdsosrpxmhtfwbp,1,61.461168999143986
qymrklclqdvthk,qoymrklclqdvthk,1,121.2311654223884
kssmnxzknournfny,kssmnxzknournfn,1,78.61625088265195
gwxnkrbtyiyppket,gwxnkrbtyiyppke,1,102.12976979467464
uirzmqepyusyer,vuirzmqepyusyer,1,63.63778248355062
dqcgktjzvlyhor,dqcgktjzvclyhor,1,43.72710648695364
knrmriyvyogspzel,knrmriyvyogspze,1,138.11504782136623
afawcqvjjplgsl,gafawcqvjjplgsl,1,64.52519173265111
wojmiwlauyvaqqqp,wojmiwlauyvaqqq,1,77.05506784196075
mxsomlrlegeewe,mxnsomlrlegeewe,1,107.7672024082613
asqohkmplitafinz,asqohkmplitafin,1,117.66172681506478
elfmjdzkikdkpb,elfmjdzkiikdkpb,1,82.08607220262297
aqnnlwocodcluydw,aqnnlwocodcluyd,1,109.19520987518847
xsehjyamslanbygq,xsehjyamslanbyg,1,95.49668627949886
ihblwolyfjsgdlzt,ihblwolyfjsgdlz,1,94.61523233603168
iqhwzbfuvbqwhg,iqhwzbfuvbqwuhg,1,66.45561861132668
fsdxgxhnhlzunn,fsdxgxhnhlzugnn,1,84.53467025136551
bdlqrbblvbsrsf,bdlqrbblvbsnrsf,1,49.907332542754
qmfrnmsoevrjug,qmfrnmsoevrjhug,1,109.0677888569534
dtlhxjidzmwohg,dtlhxjidzmwvohg,1,77.50563588308758
arldemfbjmrtjm,arldemfbjmhrtjm,1,119.41719912034361
obbzbobjjvnyfh,obbzbjobjjvnyfh,1,111.9419046593024
uknoboskpfohvfqw,uknoboskpfohvfq,1,87.59243315166475
wlohsuaybvjjto,wlohsuaybvrjjto,1,70.14709630345818
zidudocpitgivovx,zidudocpitgivov,1,39.365762656728116
ghgdwetacxrsckfv,ghgdwetacxrsckf,1,83.95620888784171
ignhvkvsbwuzwk,ignhvkvsbwuzwki,1,118.48523669351529
batpewlsdirvig,batpwewlsdirvig,1,29.684301467280523
ykadhdllktnetb,ykadhdlrlktnetb,1,26.57513520847446
lhjcytbnfvsmze,lhjcytbnfvsmzge,1,109.41815625674441
dtfmsiertzynfszr,dtfmsiertzynfsz,1,75.23656946472914
deqfgsqrttzfgkks,deqfgsqrttzfgkk,1,77.07098221122655
wwffmracpqejdb,wgwffmracpqejdb,1,47.7648918207692
apvjjtsiaecpeuca,apvjjtsiaecpeuc,1,49.76660769490073
itesbpjkhkklyj,itejsbpjkhkklyj,1,55.63888749244434
tqhmxsjivjnnrwcm,tqhmxsjivjnnrwc,1,36.286327409480265
cpbwfeqwavypeyvn,cpbwfeqwavypeyv,1,47.20509520807347
rizepomgrytmhkft,rizepomgrytmhkf,1,105.94745241455907
nsupodsndfqcdoir,nsupodsndfqcdoi,1,24.051277061029992
vsptygxerapgbb,vspttygxerapgbb,1,96.0818208131075
hmoocckxskzssx,hmoocctkxskzssx,1,88.02122896302147
semeeqdbjzdcolnt,semeeqdbjzdcoln,1,116.60605074131661
atwxdjhuvlmfws,attwxdjhuvlmfws,1,40.160010004230806
ygnmwqqldacxgrtm,ygnmwqqldacxgrt,1,124.93249592807241
gdhqskikjdpzwe,gdhqsgkikjdpzwe,1,62.64929667452163
rstnubwioziambpi,rstnubwioziambp,1,40.68967591973231
magytslqwvrzin,magytslhqwvrzin,1,127.92610246123579
xaifecufmguibl,xaifecufmeguibl,1,128.932205486241
wsvyaaemovhzgizw,wsvyaaemovhzgiz,1,112.0736793124742
ufeyjinfihllalcm,ufeyjinfihllalc,1,90.60532531756354
ugpnojnenbmzax,ugpnojpnenbmzax,1,109.50296457364858
qsfdvlyprpbqbf,qstfdvlyprpbqbf,1,93.2986787394285
vlbcetvpawhqrh,vlbcetvpawhqrhy,1,95.61079062328731
dewkbnlydmgxyj,dmewkbnlydmgxyj,1,35.59613869874556
tnumpktghazjvq,tnpumpktghazjvq,1,105.31770489233605
zsklcdpfufnxkp,vzsklcdpfufnxkp,1,97.18883754835097
zgvhehtjddcyyb,zgvhehtjddcyyyb,1,122.31396822896475
clpyumxxywoyys,clpyumxxywoyxys,1,97.33351947289246
beonvlvfvjladkrs,beonvlvfvjladkr,1,71.3187444476913
wdlclfvhzoapnn,swdlclfvhzoapnn,1,117.97263688580861
hrkzrnxhwnmxftov,hrkzrnxhwnmxfto,1,74.73197205184582
fymrgvmlcjoonwid,fymrgvmlcjoonwi,1,91.18440918306473
cawddqtqyofhvlxp,cawddqtqyofhvlx,1,103.33249665164179
hmeidrxthikezo,hmmeidrxthikezo,1,87.66611204792798
whrjxkycqjnwjcru,whrjxkycqjnwjcr,1,77.30891023812536
yzbgafptbqszog,hyzbgafptbqszog,1,134.05409777562932
rvozcnidhsbotmol,rvozcnidhsbotmo,1,121.77671054332903
mamdpayvojuqlzjn,mamdpayvojuqlzj,1,102.54099644990008
yfyfhcqyanoojyse,yfyfhcqyanoojys,1,50.2245943670562
xqymtlmgvjxdjp,xqymtlmsgvjxdjp,1,63.13541008602426
cjkmegahqhkamd,cjkmegbahqhkamd,1,111.50236049335105
wzmyxibqkwqhox,wzmyxibqklwqhox,1,89.05671445784428
pzgmycbafhlijgcp,pzgmycbafhlijgc,1,57.13250830719993
sbjvdorhmtjrxc,sbjvdorhmtjrxcf,1,130.75811605849907
yzojawhlyybvwa,wyzojawhlyybvwa,1,120.06860019880125
kzizjrqexodoluqo,kzizjrqexodoluq,1,125.36273164888529
bmahuqvvwtwuwkzh,bmahuqvvwtwuwkz,1,83.89346522654907
qujaxwibbkkgtpjn,qujaxwibbkkgtpj,1,74.59246325840535
fqhbbeedgvaugt,fqhbbeedzgvaugt,1,71.10229782494213
skoukfsjbvtoff,skoukfosjbvtoff,1,75.21744078939258
uwmkxzojlhzxqs,uwmxkxzojlhzxqs,1,65.89044948042977
eboyxxptzopodm,ebroyxxptzopodm,1,142.64426086382127
zvjrqqjijsxidgya,zvjrqqjijsxidgy,1,68.51315688492795
erelnzvjnycrqdpi,erelnzvjnycrqdp,1,89.82548410266128
rnlooxcwlwwvbwrd,rnlooxcwlwwvbwr,1,113.35161591554554
iqrztfuxbzoqdyce,iqrztfuxbzoqdyc,1,98.72970993861284
pnzypkrxyxfipo,pnzyjpkrxyxfipo,1,111.1300403172432
cydysgpcmwctjeum,cydysgpcmwctjeu,1,61.03063110913343
fxlwjttjthjennhz,fxlwjttjthjennh,1,134.61895261400468
rfkvuzlysxedhmtu,rfkvuzlysxedhmt,1,73.43347845292931
dfaxluxvcbkdig,dfaxluxvcbokdig,1,77.0242994618443
vktwfkewusunbnye,vktwfkewusunbny,1,115.07211771569747
gzwwdrailggjls,gzwwdrailggijls,1,59.068472251535674
kuegdttjvyewuc,kuegdttjvyeweuc,1,79.97843910548002
mbzsjzbdcyfddl,mbzsjzbdcyfdudl,1,86.05449431267218
mlamdcecnmmznqvo,mlamdcecnmmznqv,1,97.11400221610928
zzazhixwzgqrzshj,zzazhixwzgqrzsh,1,54.22165785803937
cxziyjndtnisjd,cxziyjnydtnisjd,1,81.85583439886149
bpcvloiygtfwet,bpcvlooiygtfwet,1,139.84651082952462
svyjwghjobcmdv,svyjlwghjobcmdv,1,80.39926483004878
yqgrpggipamfbb,yqgrpggipamfbcb,1,20.52971201100074
xmfotxlcsyamntig,xmfotxlcsyamnti,1,111.32864695933202
iyxmgozbejnwky,iyxomgozbejnwky,1,128.74434784365826
uydvdhgmuixcpo,uydvadhgmuixcpo,1,98.97027233846309
jpcnafmddvewemyk,jpcnafmddvewemy,1,116.89920718534003
dycwdgotvotqxw,dycwdgotvotqxwm,1,99.40470674795606
zmklsuijlasqbb,zmklsuijjlasqbb,1,100.34109509359772
ebyqslqonufpulsd,ebyqslqonufpuls,1,102.04532962515486
wtgqmplvwmfggade,wtgqmplvwmfggad,1,123.06281278281429
kgyhvudoqpykykmy,kgyhvudoqpykykm,1,118.31234887207151
parbrsplcozaslvy,parbrsplcozaslv,1,102.74665759168825
urfvhsidtdokso,urfvhsidtdoktso,1,118.3076187637915
cvasharxueeklluf,cvasharxueekllu,1,17.227932038445594
qilldonospygxo,qilldwonospygxo,1,113.210193824963
qngbdpgskkyiii,mqngbdpgskkyiii,1,124.11156831989416
dblugvzprkgana,dblugvzprkgaana,1,76.63309568730499
njkdvookfvedpf,njkdcvookfvedpf,1,110.36076039141568
cmtgllwpogawom,cmtgllwpogawomu,1,62.83683175847106
jnrsxolxgupqwmix,jnrsxolxgupqwmi,1,91.21386517687986
vyvpnrtppejkiw,vyvpnrtppejkciw,1,98.39935548082423
fecardaqgoqhwacw,fecardaqgoqhwac,1,110.04087719604865
qijrrenzshtitw,qijrrenzshtiftw,1,80.20941100868082
xthjfjqjpirpimdl,xthjfjqjpirpimd,1,74.66390990921889
wjilpvnjxnzhetak,wjilpvnjxnzheta,1,88.77487464270055
ujtwzmfctwijhnxr,ujtwzmfctwijhnx,1,116.36753014342965
rrztyyxzucngja,rrzstyyxzucngja,1,98.17246999806332
fvrnbdsjdrahennv,fvrnbdsjdrahenn,1,70.47139823345437
ogjgydgkvbqiah,ogjgiydgkvbqiah,1,138.20726324009348
nbmqltjlryzpxz,nbmqltjlrypzpxz,1,135.6415871080569
jjnshwijhalcrpfm,jjnshwijhalcrpf,1,106.09547657590797
izdfrhernwpsft,izdfrhernnwpsft,1,102.60561873000728
fzrmobkiawlssx,ftzrmobkiawlssx,1,67.38811993320796
rtljuoihhtjtmsux,rtljuoihhtjtmsu,1,88.0951308828595
fydvnktzexxvkf,fydvnktzeqxxvkf,1,100.70063406808622
qlnnqitriasmrb,qlnnqitriasxmrb,1,43.59063813856236
yavauohokfgryzte,yavauohokfgryzt,1,74.16715051598517
livgddpwillfqa,livgddpjwillfqa,1,18.172072765005453
xwzayrdirjiaxxdx,xwzayrdirjiaxxd,1,128.80827210817634
mofgtmawbwzjjomo,mofgtmawbwzjjom,1,37.23981322662872
fohepaukbxmvlv,fohepaukbxmvalv,1,101.3049778698698
elbmucpqsvxehsfr,elbmucpqsvxehsf,1,102.74009582113358
owzzhwaxhfauoq,owzzhwaxhfaiuoq,1,78.22957741235031
mwfeimyrjjfunrcm,mwfeimyrjjfunrc,1,110.51799927773094
qpgygbxzxjhqevhn,qpgygbxzxjhqevh,1,104.15520612803071
ckqnfbpancagqn,ckqnfbpancagqnn,1,107.0105767994011
pyhsbnynnvkzjswg,pyhsbnynnvkzjsw,1,121.69575795756768
fylhzrfsbmlzrwgw,fylhzrfsbmlzrwg,1,79.50629298883966
clfwjfvwxxetcpsl,clfwjfvwxxetcps,1,115.92463556677083
wsgobanbvmbyth,dwsgobanbvmbyth,1,98.71439134179597
xigixqgeliugrrws,xigixqgeliugrrw,1,91.03168666036721
chjokbwabtkpwp,chjokbwabtkpwjp,1,15.989411611795433
ctaacavaodzhwike,ctaacavaodzhwik,1,63.96071876920134
xferwrfdbaduye,xfezrwrfdbaduye,1,76.00003625015634
yvrjhnhgybsgmffi,yvrjhnhgybsgmff,1,115.85468744043406
hmylazbhjsajkazy,hmylazbhjsajkaz,1,84.07705977755157
anvegekgtficow,anvegekggtficow,1,77.70333400913718
mojrvuwsuxwsjm,mojrvuwsuxwsjml,1,140.05064456227487
dklkuibivizjys,dklkbuibivizjys,1,90.94911340525289
tmdqyfkockuwth,tmdqyefkockuwth,1,151.2565729634595
xzkddtthfpsfuz,xzkddtthsfpsfuz,1,104.62391354212862
xwmhrerzzzfyapte,xwmhrerzzzfyapt,1,112.00208422607098
unwmuftclzrbdijc,unwmuftclzrbdij,1,68.38771091408286
xklvxwckbhaaee,xklvxxwckbhaaee,1,87.61370431185048
vuzxyyzcvgednrjx,vuzxyyzcvgednrj,1,91.6064929805426
jvzfuuqmywooffqa,jvzfuuqmywooffq,1,110.24922416561333
kviwxqihyfyjbwfe,kviwxqihyfyjbwf,1,121.2561749349669
kvasdrkrqkkapvsz,kvasdrkrqkkapvs,1,92.76774306203593
pxxhfnpioqexlksd,pxxhfnpioqexlks,1,45.63778102393008
isgyejlklbicqcgc,isgyejlklbicqcg,1,94.56796848836638
sqfaotgyyavndmcg,sqfaotgyyavndmc,1,73.60956575036262
frzvuimunhzmst,frzvuimunhnzmst,1,76.76269695683838
hqjnjhmjqjrhlydx,hqjnjhmjqjrhlyd,1,28.325957100880863
hywdoclpgxazyp,hywdocqlpgxazyp,1,79.31564422845874
nrhutnrwdtusqb,nrhutndrwdtusqb,1,133.52572345078073
wukrcihtjtdwllwc,wukrcihtjtdwllw,1,43.16274820802276
gowxmstegmggcciu,gowxmstegmggcci,1,72.02098022642912
utsuxqpnixfjqqjr,utsuxqpnixfjqqj,1,73.43820245517647
xcmxkrmdiwuidpko,xcmxkrmdiwuidpk,1,78.37285156551306
iilwtgbnrvhzhe,iilwtgrbnrvhzhe,1,80.30781472472952
oenmrltuoilyojbt,oenmrltuoilyojb,1,103.40101118886605
kncbgsaggduikbdh,kncbgsaggduikbd,1,74.43053830547164
vngqjmlcrhxnzuyf,vngqjmlcrhxnzuy,1,111.42149929921591
huducyojdeneqp,huducyoajdeneqp,1,122.28752089398127
xrgfwchbzdxskj,xrgfwchbzdxskjo,1,95.25716265608871
thqyeagzujtwywxj,thqyeagzujtwywx,1,81.65669762973202
ihmklaxjfxmdgqch,ihmklaxjfxmdgqc,1,124.85308649234086
saulivldafnjvwgp,saulivldafnjvwg,1,109.92782308287624
zziupeekxztyccmx,zziupeekxztyccm,1,56.84510558696663
wgdntphoixjtecoi,wgdntphoixjteco,1,64.31009241700531
njahiwyxbhnucncy,njahiwyxbhnucnc,1,86.18968459922759
rcesvefvunudnk,rcesvefpvunudnk,1,106.1776052079565
ojxldccmluqhkxlm,ojxldccmluqhkxl,1,133.29198232296636
dgsxkqkkblihig,dgsxkqkkblihhig,1,65.53940844554937
tvprooahwhvfwc,tvprooqahwhvfwc,1,44.146844262778366
tefqdgidvsrkun,tefqwdgidvsrkun,1,87.53257169251893
gvztmdvwcneoybzc,gvztmdvwcneoybz,1,76.4954801384127
djeunshgiefvxsvb,djeunshgiefvxsv,1,64.77962476900326
ltytprzrczdyne,ltyctprzrczdyne,1,88.0999483143233
sxqisgykwifloy,sxsqisgykwifloy,1,36.54397720976317
bqjfbgqxgpcpxe,bqjfbgqxgpcpxef,1,110.34202405441835
cfnutaiebxqxeria,cfnutaiebxqxeri,1,87.87623347351614
dxmcoztngkdgff,tdxmcoztngkdgff,1,114.91411230398052
myknhexilsfmew,myknzhexilsfmew,1,43.41815784600971
jqsdvbvwymhdpxvh,jqsdvbvwymhdpxv,1,51.00041294890935
qnxbgwfmqyfwyj,qnxbgwfmqyufwyj,1,76.65950865450492
doigdlwuurkxtwvd,doigdlwuurkxtwv,1,104.63275961637645
usnebwgrvcpwoq,tusnebwgrvcpwoq,1,60.719906339893626
wbeigfbmhbwcpk,wbeibgfbmhbwcpk,1,53.00549015958805
pwrhwdadwexzal,pwrhwdadlwexzal,1,62.699911810558255
rzthrqvvcisfjg,rzthrqvvcisfljg,1,126.90147858821574
ksloytqwrrbpvi,ksloytqwrrpbpvi,1,134.2737392281045
wbxhwidaiuhosgpq,wbxhwidaiuhosgp,1,42.31028963701607
neyybdibwijtuo,neyqybdibwijtuo,1,44.388449768066195
hyyedryyzhlzrgyt,hyyedryyzhlzrgy,1,116.176917900657
bxoujluffnjtkocx,bxoujluffnjtkoc,1,104.30723450360058
eiuxvgheaxzotm,eiujxvgheaxzotm,1,21.181703411129682
gjcboxvzjfwmzc,gjcboxvzjfwwmzc,1,111.33074549893311
rvssspmegkhssl,rvssspmegkhssle,1,114.44771711886773
lajlovhwziugyyrg,lajlovhwziugyyr,1,132.81992479919353
vihfnysucyvfze,vrihfnysucyvfze,1,78.51749091366926
vopruxdqsplofkol,vopruxdqsplofko,1,28.024201004942253
ctwzxdqmjqowki,ctwzxdqmjqowzki,1,105.1968502540407
fccsmbchbwzlvkac,fccsmbchbwzlvka,1,60.09878633021417
kduqmsspbwbwiooc,kduqmsspbwbwioo,1,102.9943111682791
qawbottutlunqp,qawbottutlunaqp,1,78.61137433783486
pmocazezprkcxm,pmocazezmprkcxm,1,35.692043568616235
rhnfjtapraqsjbbk,rhnfjtapraqsjbb,1,39.454574131149236
xcgpivwotrieki,xcgpivwotrineki,1,109.62376293641422
lugjtynzzkyarxmb,lugjtynzzkyarxm,1,62.96913464801401
iufuabmmhlbuwgrd,iufuabmmhlbuwgr,1,98.21520929087964
ecnxivjiwncqyxci,ecnxivjiwncqyxc,1,93.52967800244836
dzfunzfzwstqycdx,dzfunzfzwstqycd,1,30.263986356580826
iguqtmagonpvcq,iguqtmnagonpvcq,1,111.09147110330585
jzvbbpdxhslvuv,jezvbbpdxhslvuv,1,43.30955068680533
fcifmfciexcvbs,fcipfmfciexcvbs,1,79.61943646500306
dbkqepqjfwztdnlx,dbkqepqjfwztdnl,1,58.08435609739974
euhkozpqcaqwkwpj,euhkozpqcaqwkwp,1,42.00359804564323
yyfspfgfdcndjgzl,yyfspfgfdcndjgz,1,71.62781034851065
xvmodcacixfofo,xvmodbcacixfofo,1,72.73368949131672
cxgovqgfznquqq,cxgovhqgfznquqq,1,15.409665911331286
zlmlwtxlgllnet,zlmlwtxlgllnget,1,55.92480367308601
qklrueznxwbfkx,qklruejznxwbfkx,1,77.65492245394528
igmcamknwukxnlde,igmcamknwukxnld,1,76.8704528666355
vodisecyruudbb,vodisecyruludbb,1,45.56774251995429
cgznnvmeaorizy,cgznnvmeaorizdy,1,98.20441441172147
srobaqdrkseibn,srobaqdrkseyibn,1,114.01215894484413
wjhcxbcsnlngjtuh,wjhcxbcsnlngjtu,1,95.55775674457895
mssintvrppnmwbun,mssintvrppnmwbu,1,74.37141150045791
erpbnccobvoqbm,erpbnccobvoqbma,1,117.58903660423367
yuqtaikxipappy,yuqtaikxipoappy,1,95.8273567306671
psprtsrvytmusf,psprtskrvytmusf,1,103.14817738108063
mmqzqeykablgng,mmfqzqeykablgng,1,22.98827027133612
orcplslsiunmaz,orcplslsiunmazq,1,98.00560058817321
ylvupjbdgogcoz,gylvupjbdgogcoz,1,83.10236002218879
ebetatlflumvqkmk,ebetatlflumvqkm,1,88.56055227336314
xohuobfwbxzqdw,xohuobfwbsxzqdw,1,76.45711620890289
ugggexxbyritcu,ugggmexxbyritcu,1,107.70893334037261
uejlhjvxrlekui,uejlhjvxrleklui,1,122.06439239625942
hsxyfiwfhwoqak,hsxyfikwfhwoqak,1,84.13258991621693
wrtnmgnxyanmudeo,wrtnmgnxyanmude,1,50.304573447271046
fltemsbdntoaydej,fltemsbdntoayde,1,67.32432946010951
yccrpcnyirrtpu,yccvrpcnyirrtpu,1,68.17791772137295
siodiiedorohqa,rsiodiiedorohqa,1,128.17649020037524
yngkwhqperjygonl,yngkwhqperjygon,1,50.85723003132352
jybisqynytoqnsnl,jybisqynytoqnsn,1,110.82090802354766
gqizqlosbnhefs,gqizqlosbnheqfs,1,148.52051045410306
ebiwlewyhwzusc,nebiwlewyhwzusc,1,67.36722461187067
awxywidzmbqvmy,wawxywidzmbqvmy,1,30.556691716820946
xwapozmoshqkdhwc,xwapozmoshqkdhw,1,44.26302857235901
azucwsajtzupqgae,azucwsajtzupqga,1,96.9486570115567
ponroketmycdbdly,ponroketmycdbdl,1,113.06551811766626
hdewfuxtesuwqwux,hdewfuxtesuwqwu,1,91.35270448145772
djkdwdftkgqaioaa,djkdwdftkgqaioa,1,104.64221856698343
cjnstxvlwfyxhivf,cjnstxvlwfyxhiv,1,86.22982979178856
jnjwacrlptnynw,jnjwacrblptnynw,1,89.46279551412022
pwwsractpabfnkqj,pwwsractpabfnkq,1,104.64159020874413
vzwyhwsvdfwfaedf,vzwyhwsvdfwfaed,1,78.77938379207052
jtvigwhaqaliswom,jtvigwhaqaliswo,1,12.426370651706891
wswwlwaqlbpwgj,wswwlwaqlobpwgj,1,96.55032078741405
tbhiwsilcxgwzy,tbhqiwsilcxgwzy,1,105.37293880132151
usrpnwqoiezngg,usrpnwqoieznmgg,1,85.91180468330566
lolkudmpibswzdok,lolkudmpibswzdo,1,115.4049159213995
kpdudrsxtxumup,kpdtudrsxtxumup,1,120.8490006264497
ausizumoqqjjot,ausizumpoqqjjot,1,30.191481392450573
vimzlxepffobwpkq,vimzlxepffobwpk,1,108.39500637043554
sjglmkuavubxojmk,sjglmkuavubxojm,1,50.20107678077137
ccfodsezrzzilxrw,ccfodsezrzzilxr,1,125.30580802695981
boyfptfzhgloqzjv,boyfptfzhgloqzj,1,43.749394433142115
dmohndbvzizrak,dmohndbvzizraxk,1,72.23219058305901
mhxxkfgihwnejd,mhxxokfgihwnejd,1,101.40290109248994
dzwodolypyeskt,dzwodolypyesykt,1,71.4973872120909
tnmuvrksrxxcky,tnmvuvrksrxxcky,1,138.18295865009995
xxujquopotfjun,xxoujquopotfjun,1,143.2290642471078
wlrwzcjnkafnbz,wlrywzcjnkafnbz,1,27.252570610238156
nwxlyrqrfrjlaxeu,nwxlyrqrfrjlaxe,1,109.74937018298243
tksbftfojeyyfk,tksbfttfojeyyfk,1,89.77559457980765
vwbbojpxdnqttgaw,vwbbojpxdnqttga,1,16.045972042273004
gvscbqbeearibmke,gvscbqbeearibmk,1,78.81251964133088
ndiohqyzmxojyb,kndiohqyzmxojyb,1,46.853623624108124
jruftnhjtvhldidw,jruftnhjtvhldid,1,106.28020875530784
agnfljlvltnpyi,agnfljplvltnpyi,1,80.7719157800028
vefqkgrjecpioh,vefqkgrjecupioh,1,65.93513042873676
gjgcrkymczvuqv,gjgcrkycmczvuqv,1,63.08253354795559
fkhzwlmuarvniq,tfkhzwlmuarvniq,1,136.3850154858711
rdmxtampzbshmi,rdmxtcampzbshmi,1,128.20652604060953
pxhkzfkwrzvqtjhx,pxhkzfkwrzvqtjh,1,65.89682119721652
azfruhjtolbtxnvx,azfruhjtolbtxnv,1,98.25350321093309
jagicmrtsodnwi,jagicmrtsodndwi,1,39.53928703291444
jgmpjyzjyvbufm,jkgmpjyzjyvbufm,1,129.54748585873577
ewinmogvcchqnlpg,ewinmogvcchqnlp,1,106.37936156940471
rxkdogbdsngxfi,rxkdogbdskngxfi,1,138.18033762596994
ltzdhxngjsbmwx,ltzdrhxngjsbmwx,1,57.90047048273719
ztqcrxigizwtqvrp,ztqcrxigizwtqvr,1,31.210093941734847
iprkxwxihivlubip,iprkxwxihivlubi,1,114.57748021169745
sbpvewyzcrcado,sbpvdewyzcrcado,1,72.03088547669306
ueelyedjjplzztmt,ueelyedjjplzztm,1,111.70844401389935
ukuxvfgpezlabmyn,ukuxvfgpezlabmy,1,64.69445788224164
tziqerdkhqwvar,tkziqerdkhqwvar,1,94.39696722845288
nczfwklvvxoajywc,nczfwklvvxoajyw,1,112.18559352535677
pndnpeicnxnjmu,pndnpeicdnxnjmu,1,99.95819960181534
ndnaisyppnqmmu,ndnaisypprnqmmu,1,34.44438506571227
asggyjcdmgdjvr,asggyjcdmgdjvrv,1,145.81495553292697
tyxeqfgtapejxf,tyxeqfcgtapejxf,1,22.373480286802195
cvzqlxnrynsunyhc,cvzqlxnrynsunyh,1,105.31802962481954
ulvjwfaahhlxvy,ulvjwfaabhhlxvy,1,70.52700024902946
oyjphyrvnjbnzo,oyjphyrvnjbinzo,1,90.39834965877971
mnjknrztvzkewr,mnjknrztvxzkewr,1,130.12725799436
qptnjldkxwpbjgwu,qptnjldkxwpbjgw,1,130.23477228038874
xwhdkhhskpuier,xwhdkrhhskpuier,1,103.68581689082082
lseyoutdkzsbpfhi,lseyoutdkzsbpfh,1,123.58719126208149
zjhkhfoqnpkrymlh,zjhkhfoqnpkryml,1,107.1748215847596
eiwizzmvqmlqzjhp,eiwizzmvqmlqzjh,1,103.11691055176239
xumaiojlkqelypmm,xumaiojlkqelypm,1,83.30325579150363
szjairrrdyqhijjj,szjairrrdyqhijj,1,113.02433371048562
ngvqcjbhfzdsup,ngvqcjbhfzdslup,1,65.87577827412828
kishevapidoohy,kishevpapidoohy,1,83.04407245413701
cftehzjculbljlsv,cftehzjculbljls,1,66.80204602560741
afhefpnznbeuylzf,afhefpnznbeuylz,1,96.79227185052298
uifltdwnkpvalils,uifltdwnkpvalil,1,90.97797610456506
jkoxkmsgrisngc,bjkoxkmsgrisngc,1,55.426204242250975
oyiqeoxxilomgi,eoyiqeoxxilomgi,1,135.43043440812096
uxqiygnaqlalhxgp,uxqiygnaqlalhxg,1,77.27245320721914
tfffdafvlasjah,tfffdafvlasjash,1,83.24950488250813
lfgpcnjfucthzyki,lfgpcnjfucthzyk,1,8.515784929580088
zfhjuytvorywhq,zfhjuytvrorywhq,1,90.38489136884016
xsxirarupponga,xsxrirarupponga,1,123.754930658149
arldmqioyxvwid,narldmqioyxvwid,1,80.74743804798084
acozjnfpbtcceziv,acozjnfpbtccezi,1,136.66090461230903
mkxnpyfdfagijgbl,mkxnpyfdfagijgb,1,93.97163319995629
giqsepmkntzeeo,giqsepmkntzieeo,1,108.49773305104515
cutaxowwrtnehw,cutahxowwrtnehw,1,43.2744470996707
yvtygjkzaallusdo,yvtygjkzaallusd,1,20.95051623580913
ozzyjdgmsioxnqny,ozzyjdgmsioxnqn,1,107.70527430544426
avftaznmcltwpe,avftaznmcpltwpe,1,110.12167357103161
chqnuqusychedl,chqnuqusychedkl,1,81.12826200027511
nkesyrnnmqcpop,nkesyrnnmqcpopy,1,89.66122835199683
dnildpptzzmdddyf,dnildpptzzmdddy,1,25.69746730354247
ungshqfmbhxkvkcq,ungshqfmbhxkvkc,1,104.15212576376096
kqjprsmcckucal,kqjprsmccykucal,1,21.390357172778067
mvadnbwfwvgnytah,mvadnbwfwvgnyta,1,103.75640839875375
qzdqrrvtndaaib,qzdqrrvtnmdaaib,1,73.0409279122567
mibxdvecwxunrd,mibxdvyecwxunrd,1,66.80482219485788
uhfgcowoeowdbngu,uhfgcowoeowdbng,1,25.239169735417445
nqahrrnmlkpzyc,nqahrrnmlkpzyac,1,71.74260216790258
qudwnydapjxvts,qudwnydapvjxvts,1,105.18876823840836
birhcefvnrdpghzy,birhcefvnrdpghz,1,91.72717806668955
bsikuhkxoxstdc,bsikxuhkxoxstdc,1,143.9948988355373
lbydkusmcbcnfadc,lbydkusmcbcnfad,1,108.96006425737025
yfawblkgoxcdmiys,yfawblkgoxcdmiy,1,9.600533997609833
nzzcglqiclpqto,znzzcglqiclpqto,1,43.83322558491274
hwmompjhzrlappxn,hwmompjhzrlappx,1,52.416136075559876
pxjunulvbshjcf,pxjunulvbshjjcf,1,113.42835202951458
znftsklveegkzh,znftsklvneegkzh,1,68.48561515071461
ekkkhzfsjlsodq,ekkkhzfsjlsodjq,1,100.439051203402
axknijkuepxgkosy,axknijkuepxgkos,1,100.83275481238807
nvyyrmwquffzgcji,nvyyrmwquffzgcj,1,91.60050946808693
wlsfziatrjnqnj,wlsfuziatrjnqnj,1,24.842196662457987
ubfvmqfvqbsfwpmi,ubfvmqfvqbsfwpm,1,101.2194620759001
xulaudbyvqsyua,xuladudbyvqsyua,1,95.8048228000919
kbdwrndymdxoez,kbdwrnadymdxoez,1,98.2668167828825
ublykrmwifrtnxod,ublykrmwifrtnxo,1,112.12579836099836
pmrstkcbskkbchwg,pmrstkcbskkbchw,1,83.94129984264785
lqksofuiovsjxf,lqksofuifovsjxf,1,26.373943020885985
yeqpxkqhbmxzurwt,yeqpxkqhbmxzurw,1,77.19717117666637
xebxshdqhelqhj,xebxsvhdqhelqhj,1,54.86994102983277
codgwbcmuwdgwuug,codgwbcmuwdgwuu,1,3.416629551316055
idpxtrfxlhbufqos,idpxtrfxlhbufqo,1,131.9935704931534
jlcofrekihbvwhwe,jlcofrekihbvwhw,1,64.33268829380269
fjuqnbrrbizyzkmk,fjuqnbrrbizyzkm,1,77.96666577814513
ohilrnzwglutspnp,ohilrnzwglutspn,1,97.72562290664249
bqerchxvprdjqo,bqerchxvprdojqo,1,97.04297433559759
ggqzaxroigomrfpt,ggqzaxroigomrfp,1,78.75844841507715
nthoxfkisqujnl,nthoxfkisqujnlm,1,22.398310066444157
wddllidleasqfcfo,wddllidleasqfcf,1,63.349951522886265
woupwjmvqnootn,wouppwjmvqnootn,1,83.0132881729813
zjnebuvmgqjjkeia,zjnebuvmgqjjkei,1,93.56380572711672
adokprytbagdsmkg,adokprytbagdsmk,1,38.45542256326799
mhzcvdkeiwiekmbw,mhzcvdkeiwiekmb,1,93.07801721436961
gvhzvpunjnaoftxu,gvhzvpunjnaoftx,1,108.5303894017323
grsmmokfdhxkst,grsmmozkfdhxkst,1,64.68417521397589
hqqdiwxcldqxbk,hqqbdiwxcldqxbk,1,91.64233660372071
dnuneuwmdnpjavsd,dnuneuwmdnpjavs,1,91.41114147201418
dzggeeidsipnshdm,dzggeeidsipnshd,1,47.20858590895097
mfsfzskcswkjni,mfsfzskcswkjnix,1,48.22516199408963
eenadobihintak,eenadobihicntak,1,113.72912042288364
cfidudljzmpsddtk,cfidudljzmpsddt,1,137.82328247199436
zbdhkdlzvvvvjdms,zbdhkdlzvvvvjdm,1,110.71155368288602
chmhufgpeiwyci,chmhufgpeitwyci,1,84.18298166026051
yzqhkfdqhxjqitla,yzqhkfdqhxjqitl,1,86.3942820702107
qugqivujptmyynnt,qugqivujptmyynn,1,120.32319215933812
ywnuazmkafluda,ywnuazmkafludaf,1,66.19262316982758
cocwflfkagkixxfn,cocwflfkagkixxf,1,85.41404773193084
qgittodtlqqlnzoq,qgittodtlqqlnzo,1,89.285625322629
kysqlmtddkddmdxt,kysqlmtddkddmdx,1,23.650353885011445
xavnzgvkrdxryumu,xavnzgvkrdxryum,1,96.72242863111242
hnbtbasbsqbqrf,hnbtpbasbsqbqrf,1,54.06503043261926
qhpsmwhnzeefiyug,qhpsmwhnzeefiyu,1,103.51738436076226
rkunjsrjshzzfwft,rkunjsrjshzzfwf,1,61.02357218219727
ocqvdzqnasvodw,ocqvdzqnasvodws,1,113.73357038633094
atdyzruyobonhy,zatdyzruyobonhy,1,66.06998355668135
usenchqgoagkoqee,usenchqgoagkoqe,1,57.388803602413475
zkoezshlorvhqw,zkoezshlorvqhqw,1,122.6613250821713
xwnemcgycdecovbu,xwnemcgycdecovb,1,116.98698290940816
gjtccattpjbfnwhf,gjtccattpjbfnwh,1,126.0448505355381
uywhtfbfzditjwsa,uywhtfbfzditjws,1,41.86675014396077
tugynqwgucisjdkf,tugynqwgucisjdk,1,43.05213726449858
ealrjehvilmdhlhc,ealrjehvilmdhlh,1,134.19102912840307
rbphrqjhmgwifr,zrbphrqjhmgwifr,1,56.03287911072208
lcuqsodmdnaegdpq,lcuqsodmdnaegdp,1,104.57519535704438
hopdljvektdshp,hopdljvektdsshp,1,51.884649084374814
ywtwjbiwhcnyakrv,ywtwjbiwhcnyakr,1,64.01605112863305
ryshvrkvhuepps,ryshvrkvhueppsg,1,49.37188447137868
ogdlvkofgliqxs,ogdmlvkofgliqxs,1,97.50036845013221
wfspucvshrqfaz,wfspucvshrvqfaz,1,100.64668941534737
jjdfypmcnvvgvkvf,jjdfypmcnvvgvkv,1,113.92045401410748
ianipbdwcqavoafe,ianipbdwcqavoaf,1,110.07658052944493
yprscscztdyadi,yprswcscztdyadi,1,51.765098245166776
ssbtscildssrvj,ssbtscildssrwvj,1,43.08799967523374
uchcigwyginjda,uchcigwyginjdac,1,96.53453908100032
vqmpegkwqhxfpbln,vqmpegkwqhxfpbl,1,87.77960572042652
cdeqbcnrkqcklnna,cdeqbcnrkqcklnn,1,127.95211382341185
gzlldqecoarlmi,gzlldqecoarlumi,1,92.0624264842954
muctxxuqmahktv,muctxoxuqmahktv,1,59.94273912954621
booxqnrsthbgumwm,booxqnrsthbgumw,1,90.31149040151304
txmkmpgoesqmsudm,txmkmpgoesqmsud,1,103.7717517250037
depkolicjmjcshgc,depkolicjmjcshg,1,67.63288523130193
khcqkmbbqzjuet,khcqkmbbqzjuetl,1,114.33601730312648
dmfsoqxitymnlijq,dmfsoqxitymnlij,1,36.25894638961946
jfxphkxjbkgffrnc,jfxphkxjbkgffrn,1,116.14714835862722
cofydsfpsuurhdmh,cofydsfpsuurhdm,1,42.5593143711932
xwogladolgfimyek,xwogladolgfimye,1,90.35036995234651
gdqcmsmwnjzyhqau,gdqcmsmwnjzyhqa,1,45.946699929004716
usdslkdaxpkthfao,usdslkdaxpkthfa,1,35.209492296027776
gfhyadxyrvndbw,gfhyadtxyrvndbw,1,94.82478787681835
bapduuzjmsddvlnd,bapduuzjmsddvln,1,114.79764308586992
tiatgikorqgwyr,tifatgikorqgwyr,1,57.74085357377407
xrarxwrfopnsfq,xrkarxwrfopnsfq,1,95.63483694765395
gabpbijbbvseakrn,gabpbijbbvseakr,1,75.0400035012719
dwwmcxraiolcfa,dwwmcxryaiolcfa,1,84.8161245379767
ycvzrsylhgvabe,ycvzrsylhglvabe,1,97.05001735830258
cdvtnteutzyycr,cdvtnteutzyyckr,1,57.95005443840922
fackqmbwfekutw,fackqmvbwfekutw,1,101.90341086158699
bszzxrximbamag,bszzxrxgimbamag,1,136.06419928471638
zmtdhylfiqhjuz,zxmtdhylfiqhjuz,1,78.13240564860641
fhskwnvkwlfkiy,fohskwnvkwlfkiy,1,63.688056524544606
pvynpdvppjkqpmcc,pvynpdvppjkqpmc,1,43.36938841648356
uilhudzecownsv,duilhudzecownsv,1,28.591247209338775
dgbmrwkknilgva,dgbmrwkknilmgva,1,12.200822675119026
mtqnwexohnsses,mtqnwekxohnsses,1,84.63594402195868
nqpkpozpossvat,nqpkporzpossvat,1,96.06764842783186
epatwezkcghcvlwe,epatwezkcghcvlw,1,97.22469419096183
qmdkuyzzyrxdgupq,qmdkuyzzyrxdgup,1,122.16535589936049
mxtmsjcqgpqulfre,mxtmsjcqgpqulfr,1,58.329085748118715
uwpabhkulzprek,uwpabhkulzpbrek,1,130.19840059126693
upwgdookwzlpboab,upwgdookwzlpboa,1,120.8902626981273
rsynavkyipiyev,rsynavkyipiycev,1,103.393668032164
irbykpqlafdtbh,irqbykpqlafdtbh,1,89.27748414882238
wlynxfkwmihfar,wlynxfkwmihfasr,1,94.3127419326606
uvsuwcjifwumullw,uvsuwcjifwumull,1,100.53721733656127
vjrpvjtyncsozpve,vjrpvjtyncsozpv,1,26.81425804407826
xfdtrwxmhrdtytzq,xfdtrwxmhrdtytz,1,86.13060485226538
txugohorvovukkpz,txugohorvovukkp,1,32.400720610218464
hkprijhtsbqjgtjm,hkprijhtsbqjgtj,1,112.88028414423006
qlomolqjhckoil,qlomoljqjhckoil,1,29.395490613636767
clexhpbhganlxc,clexhpbshganlxc,1,80.20358858244995
xpztnehotpmldely,xpztnehotpmldel,1,83.93272900933864
ojmzwssuppcsxr,ojmzwssuppkcsxr,1,103.81463147670208
wszrylysdphmxw,wszrylysdphmxwk,1,74.88888545865049
nvnbrmwgeruizkgo,nvnbrmwgeruizkg,1,108.20921321286666
pqkzsfcmmwhykgqx,pqkzsfcmmwhykgq,1,84.56617261157577
wfofkvgeuxmjvp,wfofklvgeuxmjvp,1,45.990998285327294
dexkfbmrpxehzu,dexkfbmrpxmehzu,1,112.01178726949276
pnwiastyeznbrluz,pnwiastyeznbrlu,1,122.55962758645654
swxsmzszhahaahjf,swxsmzszhahaahj,1,114.26338274967118
xgsaghfncdvaxc,xgsaghhfncdvaxc,1,97.6550452197205
fqzvtflxukhbcy,fqzvtflwxukhbcy,1,72.44262861212576
lwmhatgryrzqbv,lhwmhatgryrzqbv,1,61.6372210146056
uawumzdglcexzlmg,uawumzdglcexzlm,1,70.17381580360566
thfqrdhbhcbvmdxt,thfqrdhbhcbvmdx,1,104.71552794549225
tfieqsgszwgpoqjf,tfieqsgszwgpoqj,1,103.64630648793671
ojfuluzkzpcbfc,ojfuluzvkzpcbfc,1,79.77621252478504
mmuwhnzwwoqphf,mmuwjhnzwwoqphf,1,96.79699867805849
kahpaimmhwlxkmek,kahpaimmhwlxkme,1,43.79930777932698
pajrdwttlnocpssk,pajrdwttlnocpss,1,36.729073689141096
ldzkdqqkkwxkcd,ldzkdqqktkwxkcd,1,115.29639673209017
lkzfvlxtpolxnexa,lkzfvlxtpolxnex,1,44.919940190121
rsqkotpacpnbkndo,rsqkotpacpnbknd,1,109.72113025755958
txrcwiaaparewjey,txrcwiaaparewje,1,93.13978788023823
ybqdkovkmucwsd,ybqdskovkmucwsd,1,77.8402157085966
pmbrnowuhvnydx,pmbrnowuhvnyedx,1,75.07764527719937
iyzrepghdqmcqn,iyzrepgghdqmcqn,1,9.80365879287405
ebaapyszrhnhidbs,ebaapyszrhnhidb,1,88.51259467994882
urqfpgwowxackcjm,urqfpgwowxackcj,1,87.47057502929472
emfuweptbdmbplsg,emfuweptbdmbpls,1,81.5103526625458
dhsyxabttzmmntie,dhsyxabttzmmnti,1,142.39270367926886
ngkamriuahakrm,ngkamjriuahakrm,1,14.440600251025144
kirbrwhmpqjkeg,kzirbrwhmpqjkeg,1,108.0315562390852
evqcermllekxcs,evqcqermllekxcs,1,62.91546667045113
czjfxvzcshfcallr,czjfxvzcshfcall,1,115.72463220455292
slyibsndasdnjasu,slyibsndasdnjas,1,65.98148341804284
ssqjbsleftvhmfne,ssqjbsleftvhmfn,1,68.42509235010374
dvutuadhvfzmnpif,dvutuadhvfzmnpi,1,43.73084406972907
qdgwwtbpiysfgtub,qdgwwtbpiysfgtu,1,88.44947629471315
xhldnocpmvfvre,xhldnocpmvftvre,1,127.55326805374969
saxgngtfjyncwbrz,saxgngtfjyncwbr,1,39.55869538717179
wqjtxgkpfzwhug,wqjtxqgkpfzwhug,1,114.94927690276674
hheesbwniquaix,hheesbwnjiquaix,1,131.10253692921714
jahdnupzgyidfzpz,jahdnupzgyidfzp,1,86.95365301430904
fvwjcjcwlmdhin,fvwjcjcmwlmdhin,1,60.06958394066642
unnqdkeaojkvmwkq,unnqdkeaojkvmwk,1,36.41885167795017
jzyyfqrsbnbglpzm,jzyyfqrsbnbglpz,1,93.908493143244
zvgljxqpydgtyyrf,zvgljxqpydgtyyr,1,89.11122089166777
nlgpkipggxazoa,nlgpkikpggxazoa,1,90.3821809110592
rkgywaxzcqdjljaj,rkgywaxzcqdjlja,1,34.28489466958798
wmxegykwmcdqkl,iwmxegykwmcdqkl,1,81.65236651665343
jtddytpczltbac,jtddyztpczltbac,1,104.04797903348076
irmramryivevrkdo,irmramryivevrkd,1,31.441803557087063
qpynqyhewebgng,qpynqyhexwebgng,1,117.8034419454865
ddzcctkviobjsx,kddzcctkviobjsx,1,108.76123563926102
qvsvubrlkrveps,qvsvubrlkrvefps,1,45.12914616671209
wkxictlaboeamsnq,wkxictlaboeamsn,1,137.46187925770388
ppnbczxmyzjyeeez,ppnbczxmyzjyeee,1,14.995469863849381
hyfsbonhnwvmukgo,hyfsbonhnwvmukg,1,88.36016202507301
arikfrlpwiyjkc,arikfrlypwiyjkc,1,107.42343081649655
roxrueldggoiqfwt,roxrueldggoiqfw,1,85.9694695233907
whvubnsxzawvcv,whvubnsxzawvcnv,1,29.929000176327346
vmseqgguhemeot,vmseqgguhemeuot,1,104.70036694899952
msmhimwkytjpjn,msmhimwkytjvpjn,1,122.24418420956512
wcvbrskwyzizgm,wcvbrskwyizizgm,1,95.68213823579325
aekwnqajrlhofh,aiekwnqajrlhofh,1,97.15361106245554
jxoyysmfrgoprg,jxoyysmfrgoprtg,1,113.46717488228407
jxfitkuzyptjwo,jxfitkuzyptjwko,1,118.2894713463107
acbgieeiaxdnco,acbgieeiaxddnco,1,94.93432188671453
eebwtsfkbafxotqd,eebwtsfkbafxotq,1,58.58394814917422
peusbrchyvziwdqv,peusbrchyvziwdq,1,57.72293630325322
gsyafirykimqdkhs,gsyafirykimqdkh,1,130.35126642653313
ctkzkbhtyqixjihl,ctkzkbhtyqixjih,1,76.51153885021893
zjngljvepxqchvve,zjngljvepxqchvv,1,105.4161606242762
adbfcluaqvqkinjl,adbfcluaqvqkinj,1,92.50182046283518
cbzqrtmqtvliww,cbzqvrtmqtvliww,1,100.76541781903565
vfwypxklkvbadvsy,vfwypxklkvbadvs,1,106.28046103822759
bvfzugmxewpozlaw,bvfzugmxewpozla,1,107.7687602061222
dujbxlsnosqkssik,dujbxlsnosqkssi,1,124.41452810305469
tgumthpogdpybc,tgupmthpogdpybc,1,55.60621013700052
axvdgskmzvkwrc,aexvdgskmzvkwrc,1,94.80202085511284
loufxmaqgxggbz,loufxxmaqgxggbz,1,87.19811196118097
okohiwlahqbwft,okohiwlahqbwftc,1,61.6406588977563
thmgovkraagqatlq,thmgovkraagqatl,1,49.38642265179999
aaluqtptmjdslj,aaluqtptnmjdslj,1,109.9795149754413
ejohxybroqhehk,eejohxybroqhehk,1,88.41676414596887
jgjrrwbgtjwtwi,jgjrrwbgtjwtwdi,1,38.98626783202993
qnujhrrtgqnbkizs,qnujhrrtgqnbkiz,1,103.14850217609577
ioiyuwbdybvkmhkj,ioiyuwbdybvkmhk,1,48.213557342991436
hmdxbaqplviwlq,hmdxbaqplviwlqv,1,153.13055901776505
fbcghcbhsasyjjls,fbcghcbhsasyjjl,1,74.531360679656
eemfmhreeaofts,eemfmhrjeeaofts,1,85.56885478110323
bgmdantfmbbejcdn,bgmdantfmbbejcd,1,115.81019556137916
sfycugjdyvrsfv,sfycugwjdyvrsfv,1,111.39564020010246
kslkqgtdrzhhqwkb,kslkqgtdrzhhqwk,1,71.76283474619598
ghwslmbiatfejv,ghwslmbiiatfejv,1,37.78913822296544
rqkmhibgriloyx,rqkbmhibgriloyx,1,36.10149800770734
peeapjyjhnjrzj,peeapjyjjhnjrzj,1,105.6589855459472
bgluwlychsddwd,bgluxwlychsddwd,1,79.58666129818985
llxoaalhfoxism,llxoaalhfoxrism,1,53.85657478159363
jiqsqydjvzouezvn,jiqsqydjvzouezv,1,93.8058598654907
ztvrlmoibovlpy,ztfvrlmoibovlpy,1,112.05436622332392
eivoeclvkzfyhtze,eivoeclvkzfyhtz,1,88.74426926596851
zoxfsyvwqoozdb,zosxfsyvwqoozdb,1,104.66999737912528
cfsruoflltxenzho,cfsruoflltxenzh,1,115.96028240839239
meemvlnstdoaenth,meemvlnstdoaent,1,71.28862168709362
dnqtoqeiidapxjzi,dnqtoqeiidapxjz,1,107.3937553929247
lwwuywljcjkram,lwwuywljcjkrama,1,122.11061844332515
djfqumqhukbdor,djfqumqhukbdmor,1,75.66819608768306
upcgnfxvlbtpva,upcgnfexvlbtpva,1,40.92064594115078
robmzpbdticoarzu,robmzpbdticoarz,1,107.20615463488184
ogcnvpyjmntyhhil,ogcnvpyjmntyhhi,1,104.22798813617187
rbenhnzlnuambtad,rbenhnzlnuambta,1,86.13725861717242
vjrpmggksbmhuu,vjrpmkggksbmhuu,1,91.85147758276725
jwimrcqdcmktzfxl,jwimrcqdcmktzfx,1,101.72629265599731
bomfrjiltieyfj,bomflrjiltieyfj,1,64.53999667048521
uelcoatfmotatu,uelcoatfmobtatu,1,85.68536767403855
nqwpprkateiennym,nqwpprkateienny,1,66.92110486309346
lumiyevcjmmndbhu,lumiyevcjmmndbh,1,88.10623473059995
ujyecxmmmwqofs,ujyecxmmmwqcofs,1,123.40111413471381
cceesjyzgscksc,ecceesjyzgscksc,1,91.03591996249405
wegjmvokyigfbb,wezgjmvokyigfbb,1,59.69578582704467
zjofgubxjohszc,zjofqgubxjohszc,1,120.95049143832253
cjtllpnatufpaa,cjtllpnaitufpaa,1,135.0202550935074
gbsuinzpizkuncki,gbsuinzpizkunck,1,77.25143105521008
vnrimpbkbssbzpcv,vnrimpbkbssbzpc,1,35.88846823735213
hgqshvictborrg,hhgqshvictborrg,1,65.2880975466674
jfuzdvuvxncuqu,jfuzdvuvxdncuqu,1,111.77391704299869
vkzypkmojclyio,vkzypkmrojclyio,1,41.694673863887786
qjbvzqpxffwdccmw,qjbvzqpxffwdccm,1,30.026202305217993
uftcebxdcfvpkpsd,uftcebxdcfvpkps,1,31.41437286853628
pfsnzmhtzmrrqado,pfsnzmhtzmrrqad,1,85.27406774499569
wjykxrnvpemxmyof,wjykxrnvpemxmyo,1,50.02433475590446
svwnnoezpwwbgr,svwnnoezpwwbgrm,1,112.89740698230584
mhptjjfixhggdsac,mhptjjfixhggdsa,1,101.93371357367255
mqqejdbqnttbzr,mqqejdbqinttbzr,1,40.623877651514555
pzlyppbmmpkgpxln,pzlyppbmmpkgpxl,1,56.397141335449
zvmwcrxndclxks,zvpmwcrxndclxks,1,25.929087046542307
hhtlaubgmgsxoivb,hhtlaubgmgsxoiv,1,97.90719632196881
ziuifflecayuow,ziuifqflecayuow,1,97.25856656532652
qmfemtkgiuwfab,qmfemtkgiuwfaab,1,68.0124339426739
somgecojrvecdcmh,somgecojrvecdcm,1,95.88558867344203
tmegxjuuuftnozuc,tmegxjuuuftnozu,1,62.42718991695073
pbmnzwrnhnlvkn,pbmnzwrbnhnlvkn,1,116.76215356140375
myceejakfxqzuddb,myceejakfxqzudd,1,75.13113799924729
hlohfgchioazbi,hlohfgchioatzbi,1,55.11890179931924
fnvjzbsolfzwtfpo,fnvjzbsolfzwtfp,1,97.20786207827315
pomueqeqiiivjrbz,pomueqeqiiivjrb,1,61.165553253813485
drhefhwumvdfgmgd,drhefhwumvdfgmg,1,90.69557465229907
slcgsyyhacfrul,bslcgsyyhacfrul,1,54.86093626641407
qxdpenqkhitdjsyc,qxdpenqkhitdjsy,1,122.86551553489149
ilcbdcdpmygujvzc,ilcbdcdpmygujvz,1,44.18851965417946
hmcxbvsldzimeq,htmcxbvsldzimeq,1,80.98135982550349
ircnouorxtoimk,ircnkouorxtoimk,1,28.68681697400958
wszmoltglzyzmv,wszvmoltglzyzmv,1,110.47014164626705
uyymqzvrdkxrewyq,uyymqzvrdkxrewy,1,118.78520277804023
ofibcjlfifqqeq,ofibcjlfifqqqeq,1,138.19170400141476
bhmcfcvvkevkkc,bhgmcfcvvkevkkc,1,112.2605206894992
csoqqcthxmkdtz,csoqqcthxmkddtz,1,111.03710989399822
yojxvcptcsdiiu,yojxvcptcsdiiqu,1,22.04271784576309
pncomnopyvtuvcxz,pncomnopyvtuvcx,1,56.48534430888561
vojlzkqfclmjpofp,vojlzkqfclmjpof,1,94.55244748821902
rekxohetuoiksunv,rekxohetuoiksun,1,104.03932913494636
xvrdjsjvbiaiyjqr,xvrdjsjvbiaiyjq,1,57.57673511594096
zplesxcxdpnnsr,zplvesxcxdpnnsr,1,124.72587221793354
jcaunqhxdubkxg,jcaunqhxdubnkxg,1,54.64532867379636
jryemjtrkgadcg,jryemjtrkgadcgs,1,98.42157226902683
ommpfnyciyjvoh,omompfnyciyjvoh,1,28.563494787087073
jcrnuncbxvldho,jcnrnuncbxvldho,1,116.84212035171049
jkoqsrmoxzfljikb,jkoqsrmoxzfljik,1,75.50374949475486
bfyhqxgmrrzydf,bfyhqxgmrrzyxdf,1,88.3423779587746
hcnocozxijveze,hcnocozxisjveze,1,123.47240705925425
ucyyzzdihcmiaeri,ucyyzzdihcmiaer,1,28.85717162406245
kwezysjbujmzafhi,kwezysjbujmzafh,1,79.38534307479893
gebagigidjukexcq,gebagigidjukexc,1,92.94988618204324
wltzodyozmfrsjnu,wltzodyozmfrsjn,1,148.28609992118908
eliakmhlhvukkwvt,eliakmhlhvukkwv,1,72.63350443395433
hzapsfqfuuzvrkzr,hzapsfqfuuzvrkz,1,20.219448928036197
ajcxhtsowvqemrek,ajcxhtsowvqemre,1,113.04757112745924
qinboamnrlsppw,qinbozamnrlsppw,1,76.56081090166835
lnqeuksbbymejy,lnqeuksbobymejy,1,133.60104560382126
byvpkhqntyxcbomx,byvpkhqntyxcbom,1,107.58565287977434
euftocmytfjtvs,euftocmytfjtvsd,1,113.17934735709106
plrteyhrpqgkvcgp,plrteyhrpqgkvcg,1,124.99135239617394
jihhpoowulsehh,djihhpoowulsehh,1,24.335324569898354
mfkmkqufhudbct,mfkmknqufhudbct,1,116.56370764204259
dngwplaehzvvar,dncgwplaehzvvar,1,67.33083110188004
smcyebzyzgmsbp,smcyebzyzgmksbp,1,79.32599654161385
haklwowjclngjr,haklwowjclngjwr,1,70.33829003596803
epbmlsgnusyvxe,epbmlsgnusbyvxe,1,79.28431534370169
hhfkqitaagabjo,hhfhkqitaagabjo,1,81.4922215964331
gesiljowkiscjiab,gesiljowkiscjia,1,88.73384399850632
jqimirqzesfhcdgm,jqimirqzesfhcdg,1,77.9414923657337
jsaevtwuijgzkbsw,jsaevtwuijgzkbs,1,134.08512973988852
ombzbosuqmblve,ombzbosuqmblrve,1,50.90866676360375
yeyapduwqikdot,yeyaqpduwqikdot,1,96.72473061636704
qnwyajkunoqkjo,qnwyajkunoqkjao,1,46.39826409451457
lveiltzmtujxjquc,lveiltzmtujxjqu,1,119.98228835248752
qxsdbzrvwvrjtcqm,qxsdbzrvwvrjtcq,1,92.38210060784137
iyzxzoqsmyitua,iyzxzuoqsmyitua,1,55.56863982177506
orxcrdzzgmjkkcin,orxcrdzzgmjkkci,1,108.15170995090584
yszspcnthluhmbou,yszspcnthluhmbo,1,127.59853798729878
aipcztrjquvgzz,aipcnztrjquvgzz,1,120.43230566021646
lekfrtnmmzqtddrk,lekfrtnmmzqtddr,1,128.10504458301722
pfsavfcnfqphgg,pfsdavfcnfqphgg,1,132.2976303856053
zkjlodfhsfkrvflq,zkjlodfhsfkrvfl,1,82.42067901009355
yslopyaqjlfbqe,ysloopyaqjlfbqe,1,32.9339699596779
trpydjukstmseq,trpydjukstmeseq,1,108.55885548374214
skuypadovfujnyvn,skuypadovfujnyv,1,114.71247355554233
qpihmlyhtbvcchjb,qpihmlyhtbvcchj,1,87.81312548932175
ueaxadmklgrvau,ueaxgadmklgrvau,1,67.5554225170702
sxxuznvjilbfyw,sxxuznvjuilbfyw,1,104.94436378109563
pfnwhfzzfovoqj,pgfnwhfzzfovoqj,1,100.27481285617517
zitqgagfsjaftb,zitqgamgfsjaftb,1,76.54454208287471
asdxbbhhbuunhnzs,asdxbbhhbuunhnz,1,94.3114699173124
dxthkwjrskgwrm,dxthkwjrskhgwrm,1,131.53694542821424
ndcjgpzyhbiezq,ndcjgpzyhbriezq,1,76.7985902240713
kxwzvpawykunddkw,kxwzvpawykunddk,1,97.99647514444047
oqspzjbtsnbqrfuz,oqspzjbtsnbqrfu,1,118.4896147009561
cchovppwthhjeqzv,cchovppwthhjeqz,1,84.51140463654538
nilzdlkuwbiuvn,nilzdlkuwbiuvqn,1,104.47442712219498
okepviphpjdqrx,okepviiphpjdqrx,1,82.98885198852692
disqendxaoibit,disqenpdxaoibit,1,121.63240181590244
bibxqpvnhhysmitj,bibxqpvnhhysmit,1,114.2950154225964
hkgtgzafbfipcdgg,hkgtgzafbfipcdg,1,110.98717191873614
lfuqqrsudnnwuq,lfuqkqrsudnnwuq,1,127.8763998854682
usxuinmnrnqohvoo,usxuinmnrnqohvo,1,74.19147963453909
hmtsvmibnbzijf,hmtsvmibnbzeijf,1,100.24080520896597
jocbwuecfeispcdj,jocbwuecfeispcd,1,67.2093068402514
nlecoyanqmxosx,wnlecoyanqmxosx,1,112.76427398850079
xksapoiczhgloq,qxksapoiczhgloq,1,95.38901283212418
usclzdyxokgbmvmf,usclzdyxokgbmvm,1,116.08249857661123
ebidvqzjltvgzk,efbidvqzjltvgzk,1,12.35124401670895
lqgxwgroixyvnv,mlqgxwgroixyvnv,1,19.690901727321155
uihlbrqaxpchre,uihlbrqaxpchrde,1,99.05293164814098
eaeuqqxvewrgxu,eaeuqqxvewrgrxu,1,61.34999551911024
cdsiktzgfvfiuswl,cdsiktzgfvfiusw,1,63.333266021425345
mjjbdgdocviixx,wmjjbdgdocviixx,1,116.98759121808969
khhibbwdxqxwky,khhibbcwdxqxwky,1,58.02165292247358
zzoiegutldufex,zzoiegutldufefx,1,93.42986144978214
zlbnfaoehspmme,hzlbnfaoehspmme,1,42.21902215332018
nfgpyogiqjbftsxd,nfgpyogiqjbftsx,1,84.44067723369052
mktvijmxhfbibtvy,mktvijmxhfbibtv,1,16.382966261522263
eutajttsdysdxelu,eutajttsdysdxel,1,82.67450417266916
fcmcuttqsijypdns,fcmcuttqsijypdn,1,104.15182312517486
uxmkduzxwdqylc,uxmkduzxwdqaylc,1,90.56762154885676
flbwgnleplzowgav,flbwgnleplzowga,1,63.28710144970931
ljqanqxizarllq,ljqaniqxizarllq,1,105.998623152013
ahyjkmjwwmniyq,ahryjkmjwwmniyq,1,80.47717058039743
wdsfougfiqtlcegt,wdsfougfiqtlceg,1,50.12336538052551
pgrgxmsglqqagqwo,pgrgxmsglqqagqw,1,127.31493766894988
jklnrnpusjbaevtg,jklnrnpusjbaevt,1,102.58019250497581
udueglpsejwlwdrf,udueglpsejwlwdr,1,87.36081173536869
sffshyjzamgmki,sffshyjvzamgmki,1,70.5607345301605
wbqfezuyzfsarwoa,wbqfezuyzfsarwo,1,111.20714180724902
bunsjgjhjrvuib,bunsjgjhujrvuib,1,51.79884639514612
pqbwdaibhiprhtgm,pqbwdaibhiprhtg,1,34.98840861300052
zuvxgcusfofqmu,zuvxgcusfiofqmu,1,109.73744986064864
nmhxcplvplmsni,nmhxcplvplmslni,1,42.40393241562832
jnwredqifztdmano,jnwredqifztdman,1,139.26564654249825
euepjfheoybktu,euepjfheohybktu,1,109.87319132191404
xqmjnspzsdizzyfh,xqmjnspzsdizzyf,1,72.81306624817606
whmldjpipkvevoax,whmldjpipkvevoa,1,23.887586951853542
vcrcxsvxgewsnh,vcrcxssvxgewsnh,1,26.20940019246742
vxjpabknjzmbyz,vxjpabknjizmbyz,1,81.88793564930658
upgxbyafcfotnoua,upgxbyafcfotnou,1,34.97034559246411
tomhuduyirvtje,tomhuduytirvtje,1,26.946069626490615
btsxxyvshneqwx,btsxxyvshneqwrx,1,114.53995097852341
bbdnkynqtmwkyxms,bbdnkynqtmwkyxm,1,113.66225306689455
uucduskpwvbykg,uucduskpwvbykgr,1,122.18155660404341
ggxizsyjucmbtx,ggxizsyujucmbtx,1,81.53147304932531
odvccqqrmvbvyyct,odvccqqrmvbvyyc,1,47.84948918800129
nyfugbajdozqjkqh,nyfugbajdozqjkq,1,107.27921103846192
oawyiywstymfco,oiawyiywstymfco,1,90.88800533954017
zpxqmjdcvyvohj,zpxrqmjdcvyvohj,1,89.30765253520083
bwdrojclxwklqury,bwdrojclxwklqur,1,140.22120862075687
lkrjplxawcwnullf,lkrjplxawcwnull,1,95.6477337606011
hzfonglrslcpny,hzfonglrwslcpny,1,140.75430098204816
dgpbbhbuetutxrfw,dgpbbhbuetutxrf,1,117.7758093112059
sqyvecltojftgury,sqyvecltojftgur,1,91.926737202595
levmibgrlltupo,elevmibgrlltupo,1,61.054376136776774
esemjjjgaogkjmgu,esemjjjgaogkjmg,1,152.9588607592611
rdrzyhdjyipuqq,rdrzyhdjyipuqzq,1,37.53012458857119
nontpkgxfadyrmzv,nontpkgxfadyrmz,1,30.883583242106507
ireefkjbqajpxj,ireefkjbqajpwxj,1,110.47366272704119
tebvoikrehomlo,tebvoikrehomlox,1,13.200629236136667
asctknwznnghdo,asctknwaznnghdo,1,60.80169763162144
vgmtovkhkhpjxa,vgmtovkhkhpjxra,1,62.5512069320009
wivkfmnhcpafknbx,wivkfmnhcpafknb,1,38.63292046593276
iwofleqylaydnpjn,iwofleqylaydnpj,1,27.873195759810887
jafqbhucmwiakdhx,jafqbhucmwiakdh,1,131.45758560654176
unybpaqtlxmrxnut,unybpaqtlxmrxnu,1,110.6194715567907
mqjxtqymxzkxoodw,mqjxtqymxzkxood,1,106.1714989787192
krdqbebrljxpdo,krdqbeobrljxpdo,1,112.40146276525914
xemwtmrudyfammjb,xemwtmrudyfammj,1,47.1074223711318
smqeirzsthkmcd,smeqeirzsthkmcd,1,41.11945836455171
qfzzuwiopcnrvr,qfzxzuwiopcnrvr,1,114.19574411193011
moekajlahgzjnm,moekaejlahgzjnm,1,80.92392494751455
typegpwlwcvezp,gtypegpwlwcvezp,1,70.89829556676371
edzjuggjlmhmiohz,edzjuggjlmhmioh,1,128.31028072774205
mgboswpahfamwd,mgboswpahlfamwd,1,84.61219774076685
hhgorzghqugudx,hhgorzghqxugudx,1,103.75585262843131
yiutxzqkndhhcwsu,yiutxzqkndhhcws,1,100.7406346840092
dwzkzpibdquxlrpm,dwzkzpibdquxlrp,1,106.85151517921284
yyzcktpnbczghlrl,yyzcktpnbczghlr,1,94.78671209815413
tuthcfykenxtihcm,tuthcfykenxtihc,1,116.85228684165332
jplyvgezpomhizbu,jplyvgezpomhizb,1,67.84936371462864
gmpabprybrktwpoq,gmpabprybrktwpo,1,79.5657937780806
cpbleggdqdnumd,cpblegpgdqdnumd,1,87.49785838506126
znnqgkpsoyqpqw,znnqgkpsoyqqpqw,1,74.30988553396068
bsvzguqqaakujthw,bsvzguqqaakujth,1,63.526735838061356
nbxasrbotbakakrg,nbxasrbotbakakr,1,118.06615032167812
wnmvnwhpywvygwlm,wnmvnwhpywvygwl,1,85.40916531139409
nwqgvapzdeytmppb,nwqgvapzdeytmpp,1,17.881000851221437
yheiuorlfkmlyner,yheiuorlfkmlyne,1,73.45757448770193
bvzgiywkjhgcuy,bvzgiywkjhgcpuy,1,60.86799103997195
cmxpbfkmmzmfplti,cmxpbfkmmzmfplt,1,90.94710828658262
lxvwvycvpkyrlk,lbxvwvycvpkyrlk,1,109.5101427544822
ewqqffztdjraie,ewyqqffztdjraie,1,29.69649573108743
akvgaxyzqujbzr,akvgaxyzqujbzrn,1,69.49400446007895
fgrsiqiucpyhrq,fgmrsiqiucpyhrq,1,80.63804907914961
zekxiqbvykiomwku,zekxiqbvykiomwk,1,79.50524648079036
wjihqvwsmdjijkus,wjihqvwsmdjijku,1,46.83351857127929
muwbyzaytdsouh,muwbyzaytdsouhv,1,112.44799792432795
sumrvskohtzlyj,sumrvskyohtzlyj,1,55.984558669454216
ylroxshownmbwtnu,ylroxshownmbwtn,1,52.01662448153177
kcbxuqqbdoycucni,kcbxuqqbdoycucn,1,90.57898597917823
pmlreurcsocajo,ptmlreurcsocajo,1,46.73082822047904
zxacldyldfsowg,zxacldyldfsowlg,1,115.29350712009554
tdqyxkjucqisoyip,tdqyxkjucqisoyi,1,75.07564712620174
njftqmjjsurvzlbg,njftqmjjsurvzlb,1,130.94379773924462
ricgdfddvmfqub,ricgdfdcdvmfqub,1,72.68236039948204
teewjxxiqmtgdduj,teewjxxiqmtgddu,1,102.86383325418548
vzsxbehdzuzdfrod,vzsxbehdzuzdfro,1,47.75222499133752
pwhnkwbkhawnqgiz,pwhnkwbkhawnqgi,1,25.874391438655824
poebsgwgviilol,poebasgwgviilol,1,59.61208265672058
larlmtxbylqldf,larlmtkxbylqldf,1,102.43044680338919
vsbxkgxrtqotsodu,vsbxkgxrtqotsod,1,42.69593114098183
lrhkpsvmcpybvltv,lrhkpsvmcpybvlt,1,126.14451604108676
zjbeeijdgwctjt,zjbeeijdgwcbtjt,1,93.16219538853089
fpubccbjvxucbj,fpubccbgjvxucbj,1,134.679242397472
fyqyrhofviokfodl,fyqyrhofviokfod,1,33.81511449859592
pfvklaodhcgmst,pfvklaodhcgmpst,1,94.83033206269123
bpbtyyhemggaeg,bpbtydyhemggaeg,1,141.66634377251532
nrrepkmbvvnvaa,nrrcepkmbvvnvaa,1,118.91322925544348
iflqqaqjllkmgaws,iflqqaqjllkmgaw,1,99.58550186662302
elpqmysnbznnpxxs,elpqmysnbznnpxx,1,37.52935668407106
mifrzwiyjcxmgr,mifhrzwiyjcxmgr,1,95.02657212300834
fkyvflbdtuqaio,fkyvflbdtuqaiao,1,116.25397505509812
kerrcjplftrstkpm,kerrcjplftrstkp,1,87.87890013775257
jutxcnbqtzmupmsx,jutxcnbqtzmupms,1,69.41047721622346
dsbinlyiojxbsbwd,dsbinlyiojxbsbw,1,110.57348923510649
ypvuvaztispksibc,ypvuvaztispksib,1,104.00843928749454
sjmctirrlfdnserp,sjmctirrlfdnser,1,106.56019192443648
paoruzlszugrsl,paoruzlszugrsld,1,82.2488843370843
xtmmjcdqfvnliu,xtmmjcdqfvnlilu,1,118.65779775142785
brvlpfrfxmyprv,brvlpfrfxsmyprv,1,26.656628360748023
hrwqiclctnoqadlb,hrwqiclctnoqadl,1,104.37793503669621
fqeyajqpyakkqytm,fqeyajqpyakkqyt,1,141.54401614533614
caiaqbjqnixupnnu,caiaqbjqnixupnn,1,61.96348182533992
gzgznagpgsztvapv,gzgznagpgsztvap,1,135.56240834284742
ivmwzcjkpdmuzc,ivmwzcjkppdmuzc,1,79.6361048130528
wdohhrwfxbmfmd,wdohhrwfbxbmfmd,1,74.5355929196724
pkegkwdwksdspgve,pkegkwdwksdspgv,1,100.18322736884555
saxoukrmxttqwjuh,saxoukrmxttqwju,1,109.29668162611735
eaccrmiwtqihdjok,eaccrmiwtqihdjo,1,130.85115693413414
qrdutrtaigradblw,qrdutrtaigradbl,1,78.54250002025667
jacmetvntreyid,javcmetvntreyid,1,107.32117406046429
kaflzdowglyafoxd,kaflzdowglyafox,1,90.18994522745386
ismlbtasvcnawgkw,ismlbtasvcnawgk,1,91.04487408185327
fzlymmmheqrqhiyh,fzlymmmheqrqhiy,1,106.90535284375188
dguewggkwunhub,zdguewggkwunhub,1,112.77871234032732
qyruvrnacuxbyfdc,qyruvrnacuxbyfd,1,22.526111133712778
eexiyoicvtvlyfqp,eexiyoicvtvlyfq,1,67.86274584273518
zobghmqcyuhpns,zobghmqclyuhpns,1,70.13050964615222
uuzrsybbqhyadg,uuzrsyjbbqhyadg,1,48.36400800037787
sdsfrmhuzpopaxhl,sdsfrmhuzpopaxh,1,41.147473951720585
cqtpdmhrnkpwhxck,cqtpdmhrnkpwhxc,1,76.27376746355958
tylxfasckrygdhql,tylxfasckrygdhq,1,85.7216221097584
iplmpjehmcicyz,iplmpjehmcticyz,1,25.42124304742462
bgezxtfmcmtjcgse,bgezxtfmcmtjcgs,1,70.04344952113654
tjrztecphsuwbrpv,tjrztecphsuwbrp,1,146.93571257909917
hciotghiwojjfbgl,hciotghiwojjfbg,1,50.87264034334843
jmrosgucxpbhoc,jmrosgucxpbihoc,1,44.846242096198964
ftcvhscqoistoabj,ftcvhscqoistoab,1,99.62428846947059
twdjgaxespcaeu,twdxjgaxespcaeu,1,93.83826961439952
lgfaqxqqqdcofwre,lgfaqxqqqdcofwr,1,58.70107272098997
cgcbngarupukacby,cgcbngarupukacb,1,78.28770393840618
jddnhgfeztzvvm,juddnhgfeztzvvm,1,29.032865533440052
euxfthiswbbhypon,euxfthiswbbhypo,1,59.90114040805544
wwjrtfubiulaqw,wwjrtfubixulaqw,1,97.37461186052303
ybiquffytdsxdhgc,ybiquffytdsxdhg,1,20.637319764284697
cmpaeamuguqphr,clmpaeamuguqphr,1,85.9736384262155
mufnlrhsswzvjtno,mufnlrhsswzvjtn,1,93.97820841380201
hxaiedczvfpzweyj,hxaiedczvfpzwey,1,146.6791252332701
emrubriikslrnylp,emrubriikslrnyl,1,120.1020742204226
dkwsgwfxtfxpqz,dkwsgxwfxtfxpqz,1,78.23342782467198
rqubcezdafosymud,rqubcezdafosymu,1,75.48923117588707
vrvrtvpjalnjrc,vrvxrtvpjalnjrc,1,38.53364727710678
hsycunkihmvnbe,hslycunkihmvnbe,1,45.25390737150672
pqteiphtifgrifqn,pqteiphtifgrifq,1,57.4218725980973
rqavoupooblnysev,rqavoupooblnyse,1,95.24405828266087
mtswkikjbhbgam,mtswkaikjbhbgam,1,52.48554983717534
gksnqrpwzxnnsema,gksnqrpwzxnnsem,1,59.3234478769707
qkzauwnscvexgkqf,qkzauwnscvexgkq,1,50.096787398313765
fgqbjdjsspnppwjn,fgqbjdjsspnppwj,1,103.42264638127844
mtpwakrtehtncvhz,mtpwakrtehtncvh,1,81.55138874930829
wyrxrdmefnpuwj,wjyrxrdmefnpuwj,1,98.19786394866526
othapxgzawcgzkar,othapxgzawcgzka,1,88.6973852553055
jnkfjqbtlwceej,ojnkfjqbtlwceej,1,134.49856230224339
wvtvxkasnogpot,wvtvxkdasnogpot,1,117.73275614334047
byvjborjnjviegpf,byvjborjnjviegp,1,74.9218147922493
gztifnbmrligjcvb,gztifnbmrligjcv,1,11.024897133672473
harzvkmlyxbtvaxs,harzvkmlyxbtvax,1,76.90046959474243
upedsxlamxxntd,upedsxlamxxntdw,1,102.21279404630691
ratwurupjyrpqr,rabtwurupjyrpqr,1,77.92265741450807
ritpjgjcunynrvrz,ritpjgjcunynrvr,1,99.8899341839774
pasjoejlvehowh,phasjoejlvehowh,1,97.19162626983191
mrbhihcdwdvqptue,mrbhihcdwdvqptu,1,96.79798714680204
okjkfnmbbytkwwcx,okjkfnmbbytkwwc,1,73.6877117675827
gvqncgyholpfsb,gvqpncgyholpfsb,1,104.8652283895308
fnzdyqdgqrzbvp,fnzhdyqdgqrzbvp,1,145.5271537997644
rqcmatgocrzlmquu,rqcmatgocrzlmqu,1,111.75418170025874
rgqolfqjrrjvnvyh,rgqolfqjrrjvnvy,1,121.9365936043599
jiqlhnsuykxqnogf,jiqlhnsuykxqnog,1,108.28247726155172
jygkzpzxjpuitied,jygkzpzxjpuitie,1,115.33470995600074
kgbwxtynrgyaln,kgbwyxtynrgyaln,1,107.8708327154821
zpzgkpzfwvikzmgo,zpzgkpzfwvikzmg,1,132.2941743241819
xgxnqbrqvkdvzt,xgxnqbrcqvkdvzt,1,105.71459966024791
mgxvkzzftjbrhc,mgxvkzzuftjbrhc,1,16.584591312626795
yaxfukhpmcxtgh,yaxfukhpxmcxtgh,1,135.34299978499922
jwomctxnpnxeqg,jwomchtxnpnxeqg,1,96.18938442222759
adhbxsimboqxpl,adhbxsimboqsxpl,1,111.80504467884623
qgphxxlujmmizf,qgphxxlujmmizfa,1,66.74076338936979
qafqetltmttkpw,qafqetltmttkpwt,1,105.57582232380405
wiruebsrkofsayux,wiruebsrkofsayu,1,115.89707786466776
tiopkrwopgttdo,vtiopkrwopgttdo,1,105.514681977481
ulzyiadsdvxaalda,ulzyiadsdvxaald,1,64.36535075509934
ppasrqkviucmtf,pipasrqkviucmtf,1,65.40206523000174
qhcoyrrbvjdcphxr,qhcoyrrbvjdcphx,1,99.42476953086309
vxzxchtcmcjyirpb,vxzxchtcmcjyirp,1,65.51542407182113
xmffsmzzjniwjmuo,xmffsmzzjniwjmu,1,80.46207718774994
gelzweulmjlbsu,gelzweulmjlbosu,1,85.79466620678613
bnrsmqtixjbhwxkd,bnrsmqtixjbhwxk,1,107.12003439410796
fwcsqhwbpkymto,fwcsvqhwbpkymto,1,143.8505311481957
gkrwenjefnagluyc,gkrwenjefnagluy,1,48.78207528016258
chtaxzynrvkkhx,chtaxlzynrvkkhx,1,97.22207110793276
ixrhxgaxodipyz,ixrhxgaxodipysz,1,60.28278705920964
mjpuaqkrjktxbunk,mjpuaqkrjktxbun,1,131.13515866421412
odmwwtyoqidkux,odmwwtyoaqidkux,1,127.34716145281705
uvjjcnhncyrigogo,uvjjcnhncyrigog,1,91.54749351964215
umqvfokeubwqasfg,umqvfokeubwqasf,1,80.70898637954535
rrlmmdbhovpohcol,rrlmmdbhovpohco,1,50.339341570258824
ltaddxfnwpvswaon,ltaddxfnwpvswao,1,113.27740588246346
zmzifncjxcwjmo,zzmzifncjxcwjmo,1,29.86004214926914
sewzoxlxaahuyxse,sewzoxlxaahuyxs,1,104.26858624334281
mwrvdtpqumizdp,mwrvdntpqumizdp,1,58.167841684737965
ftkyrbwrdqbhcn,ftkyrbwrfdqbhcn,1,57.86820494039033
cueezggjspvxcfza,cueezggjspvxcfz,1,79.12753182747694
grvqxtokskgowd,grvqxtokskgowgd,1,111.17834314724128
vtnfzrirwtjjaubk,vtnfzrirwtjjaub,1,130.8789583064236
bmarnquksmijdgun,bmarnquksmijdgu,1,78.36170605373526
lvzmgqbscbnmnb,lvzmgqbscbnmnwb,1,58.61287517428833
onmnfkdzlwnfnjnh,onmnfkdzlwnfnjn,1,62.94661660347792
ahqlstvbengjzt,ahqlstvbengjzct,1,133.8673255629045
kzvqmjxvqpsbvhmx,kzvqmjxvqpsbvhm,1,104.25499778590776
dwetjnkilclecj,dwetjnkilmclecj,1,50.21496859946627
yzqhybeigfgfstrl,yzqhybeigfgfstr,1,95.74505359843066
bwuuhcjtmwunyjlv,bwuuhcjtmwunyjl,1,98.65240047484185
iznczjbinvyjzjqc,iznczjbinvyjzjq,1,43.51845690155426
ppkppsgphiaxdlyb,ppkppsgphiaxdly,1,53.97267789759107
ueimujvbvhnicugz,ueimujvbvhnicug,1,105.84888530177295
uxyhiapyzlgshljb,uxyhiapyzlgshlj,1,90.25667988097604
yzxcepvpipqundae,yzxcepvpipqunda,1,109.09374904624694
xgsxydtoovlopfxe,xgsxydtoovlopfx,1,60.640176997192114
kirryktcpengxw,kdirryktcpengxw,1,60.2463858138259
nltngvyauxyulxcj,nltngvyauxyulxc,1,140.27371648534577
gqhmvqpbwtwgmisa,gqhmvqpbwtwgmis,1,33.506539708973534
pjicsikztgxzsovd,pjicsikztgxzsov,1,57.702706427311114
jhkmarrjmahmbxcc,jhkmarrjmahmbxc,1,93.68665614560081
vixawpkyajisra,vixawpkyajirsra,1,120.93233007335839
brtrzpokqbhyecey,brtrzpokqbhyece,1,10.403927944287759
zqmrtgujfxfxin,zqmrtgujfxkfxin,1,51.63524907693765
hgkngyjkszwrdzjw,hgkngyjkszwrdzj,1,118.01466138818672
qwyleczuvmklsvkq,qwyleczuvmklsvk,1,52.838131077084334
xaohikabbhsmohma,xaohikabbhsmohm,1,84.49339937232857
jvfhhuebshktig,jqvfhhuebshktig,1,59.92187531530137
sculefmiedfayrsy,sculefmiedfayrs,1,113.03104345620531
dpbotqrfabhzrkch,dpbotqrfabhzrkc,1,74.99966891607674
pncmmddskaxoqcwf,pncmmddskaxoqcw,1,65.82003272223109
xrdgqrfsiyhxly,xwrdgqrfsiyhxly,1,75.52917260780625
kgdfgxrpdjeltc,kgdfgxrpdjzeltc,1,62.2958674281902
nqipclhbncnupzfg,nqipclhbncnupzf,1,79.26744247468419
rtrrbimucbojijcl,rtrrbimucbojijc,1,131.10421541434815
slflwgbycbkfeuoz,slflwgbycbkfeuo,1,54.06293870802312
nmkswmpwpjudurqv,nmkswmpwpjudurq,1,85.86729667018241
akylaczpyimkrs,akylaczpyoimkrs,1,104.08010551876491
lkvwanjstwppwr,lwkvwanjstwppwr,1,121.22767306766931
vvrnxaaznivtbgyl,vvrnxaaznivtbgy,1,113.4872326775998
ygozvshcfrdkbhha,ygozvshcfrdkbhh,1,107.97048504866328
mvpdtbfzyrnhln,mvpndtbfzyrnhln,1,67.8686498373389
pcizpyzorkeuwprw,pcizpyzorkeuwpr,1,23.17256792138473
krgujjhhjimhzb,krgujjhhjimhzbt,1,101.85583163591221
jpiuftqaalpvruye,jpiuftqaalpvruy,1,40.79440121320761
xqfdedhhkbtrdb,xqfdedhhkbtrdbp,1,39.32799538794693
jkypmgrhgbugqc,qjkypmgrhgbugqc,1,26.67054763473767
gfmfobgtmxzqgr,gufmfobgtmxzqgr,1,90.24916507113129
ojlgiihxilkbow,ojlgiihxilnkbow,1,89.51360438351205
tceturnwikfqllhv,tceturnwikfqllh,1,108.21744223559281
happhamzkwwyhmrz,happhamzkwwyhmr,1,107.34519619124279
kpnnitanoffvkkit,kpnnitanoffvkki,1,77.63888083972277
dojqdhlqzoqhib,dojqdhlqqzoqhib,1,83.79343020827146
kzjoahmonbjzwiky,kzjoahmonbjzwik,1,52.687739790233486
qgcyxsunymcxkt,qgcyxsqunymcxkt,1,77.22328943989889
yrpsefmqlztpprgz,yrpsefmqlztpprg,1,114.76680822485223
antgqxnvqvqtkc,antgqtxnvqvqtkc,1,132.16058635916343
frhqxnbeoxaikm,frhqxnbeoxaikym,1,111.9725856200826
lpqwjnajoxvykr,lpqwjnajoaxvykr,1,92.541185804094
tulighqfzvcxmf,tulighqfzvcuxmf,1,51.45300622743933
kcmuhvqakbqibaye,kcmuhvqakbqibay,1,18.655444757269063
jcaxwqgblravrc,jcaxwjqgblravrc,1,77.55668544173643
andewcvnrhfkqv,andewcvnrhfkxqv,1,143.7746376403946
srldxsyylujjhddz,srldxsyylujjhdd,1,110.03933492805376
lhjfnddlplsfmtgb,lhjfnddlplsfmtg,1,51.528870940458496
suoffxjnwfvzvehf,suoffxjnwfvzveh,1,67.77492480500482
xlrawjcymgdwly,xlrawjcymgdwlfy,1,123.3284920926767
iyqgkqitrghgkrlz,iyqgkqitrghgkrl,1,94.7921549034209
fihsxfbvnsctez,fihshxfbvnsctez,1,94.24272279195402
aifgcdyvznkxabyl,aifgcdyvznkxaby,1,95.83071587804307
rxtgbygnwdjtgjom,rxtgbygnwdjtgjo,1,84.33594173033579
smksyxmgxpniyx,zsmksyxmgxpniyx,1,94.24608840082662
tfneecwfkqnfblga,tfneecwfkqnfblg,1,106.64916996349882
boyshpzqnqfturad,boyshpzqnqftura,1,131.29801681525848
iffnvrkvyaiyjteu,iffnvrkvyaiyjte,1,96.16863756360385
jksqilcnyvakqvek,jksqilcnyvakqve,1,94.51070936738972
bmqrljprrvwasv,bmqrnljprrvwasv,1,76.5490402843018
fnlrhqqklqpmnh,fnlrhqqkllqpmnh,1,114.35926433157512
maqfltrmukynvvld,maqfltrmukynvvl,1,105.3772841225879
iafvxnpoioetbi,iafvxnpoioetobi,1,34.63269697470876
vdqtrufryqleai,vdqtrufrypqleai,1,95.01812837103753
fvsmudbglqxqfpru,fvsmudbglqxqfpr,1,102.35675702449419
xfeelubqupanil,xfeelubqtupanil,1,61.456483232295874
caseddzktndutp,caseddzkktndutp,1,20.5066864881296
bzplhecdwkgzrgqn,bzplhecdwkgzrgq,1,108.05748392148182
rdbhlouwrpqqpw,rdbhlvouwrpqqpw,1,58.26480971642521
xcssazonuiuclfor,xcssazonuiuclfo,1,94.6196513224727
awlcbfqqkylxav,awlcbfqqkydlxav,1,68.59636446108802
qkynohlysjhqboyn,qkynohlysjhqboy,1,116.78859476203527
xgphybgzdehsij,xgphybgzqdehsij,1,72.5223137712714
yofwivumfxuibutb,yofwivumfxuibut,1,105.94388934644242
vqmfudcabtlghzie,vqmfudcabtlghzi,1,63.05959031633379
gqrfitrewudvqv,gqrfiotrewudvqv,1,95.54050853188467
jyvwknzuaakmmozm,jyvwknzuaakmmoz,1,102.53310810581007
hupfvkrtwlmohvrj,hupfvkrtwlmohvr,1,133.9943420808059
zdhfhndvasvkerlh,zdhfhndvasvkerl,1,60.11437356616014
fmdoikvwwndminlr,fmdoikvwwndminl,1,41.2699101304012
sgincixdlbbgux,sgincixdlbbqgux,1,146.2117436935652
dyxyckcnbdyvbjzz,dyxyckcnbdyvbjz,1,64.47653373485636
jdxjcgfypkaxgg,jdxxjcgfypkaxgg,1,86.51461194668552
uazwgthohipremir,uazwgthohipremi,1,66.18344084583732
kbiskrtlasjhwiry,kbiskrtlasjhwir,1,50.97894396670863
akbvxpovyfaltq,akbvxpovyfealtq,1,68.67849484217132
nhowopzcriluqmpu,nhowopzcriluqmp,1,134.13632467947855
wumayrugmorxhvsw,wumayrugmorxhvs,1,61.43120228576703
lkqjyrisctyntlib,lkqjyrisctyntli,1,134.90213753602455
qduzymnkipdtjabd,qduzymnkipdtjab,1,24.85073275045295
wnbapnfinyiclwsp,wnbapnfinyiclws,1,104.24216682305216
ekxpuvbqiutieepi,ekxpuvbqiutieep,1,100.83823629672857
vyjkcdwdyhhaoj,vyjkcdwdyhhaoxj,1,17.671231907580633
fphlajkvqoiqsa,fphlajkkvqoiqsa,1,131.16513252413304
oxwaceaocnjuwmgd,oxwaceaocnjuwmg,1,70.41313837337576
yxaqbqdtpqmxjt,yxaqsbqdtpqmxjt,1,108.60986575533204
nurkvxmevclmut,nurkvxmevclmutt,1,59.31271789789921
raoqbrqwzvqeni,raoqbrqwzvqenii,1,82.75358456836067
zwefzvplsrhzklnt,zwefzvplsrhzkln,1,20.555290569642946
oqjcpjdtlxvdiq,oqjocpjdtlxvdiq,1,82.527324521911
extczwlcuomdabmz,extczwlcuomdabm,1,85.16808148228094
uelegqjfysdpkmbn,uelegqjfysdpkmb,1,98.29244089524349
pqmlawdtremvrw,pqmlawdtrcemvrw,1,111.10402315399455
qzezxlwxcbhzzj,qzezxlwdxcbhzzj,1,78.9165657446451
nxcammrfdakcqe,nxcvammrfdakcqe,1,72.82208600851254
rgqnoggpjmbezc,rgqnoggpjmbezkc,1,99.89050589532292
djjyqamoqrhwtt,djjyqamoqdrhwtt,1,76.64865075643698
azyfngyotzdgzg,azyfngyojtzdgzg,1,77.50869972528466
lstbqfomnahnvzul,lstbqfomnahnvzu,1,86.29673027185886
esetxivndhsjkays,esetxivndhsjkay,1,90.67511395077207
sfzhofosbjtscr,sfzhofosbjtscry,1,68.44358671134903
lyrywfnjlnghat,ilyrywfnjlnghat,1,74.88072630455277
aqqdxahcgdawpmik,aqqdxahcgdawpmi,1,96.62243047115325
vfcortmaqncmiu,vfcorrtmaqncmiu,1,121.03717814411321
dujredxlsjvavgqz,dujredxlsjvavgq,1,79.89308889847959
trelchosigljepzm,trelchosigljepz,1,72.30825483508941
ralbekyymqkvve,ralbekyymqkcvve,1,134.36081564252342
ttgieariroblodxh,ttgieariroblodx,1,97.29033729236713
wmoxrljvnwjzkdtq,wmoxrljvnwjzkdt,1,82.10191473527665
lrvchfnwxwqbrn,lrvchfvnwxwqbrn,1,17.211144805814886
yphkauszxrgzhvcd,yphkauszxrgzhvc,1,100.28704374663748
jslxksfgfgososot,jslxksfgfgososo,1,127.4706654833897
yjfzswlqgwfbap,yjfzswlqmgwfbap,1,61.586244486584555
jaxnfyxbobgchbeh,jaxnfyxbobgchbe,1,3.5758839461262806
qqnddbaeulccelou,qqnddbaeulccelo,1,121.97052866609845
cljefxmvzlpxda,cljefxmvzlmpxda,1,33.15074037358275
jwqabcpqqlmgwbnb,jwqabcpqqlmgwbn,1,61.860899022193735
bewkfwgolocjjxas,bewkfwgolocjjxa,1,114.97293552204397
nckeqtlazhzfkzwx,nckeqtlazhzfkzw,1,99.1641599253547
ydifapjmbwvhjdsk,ydifapjmbwvhjds,1,118.92721575154256
fbayckfywhatyq,fbayckfywhatyqr,1,29.071556687992775
rstjobvwphkzty,rstojobvwphkzty,1,93.16566727489999
vyfoqrvoyhwwebuo,vyfoqrvoyhwwebu,1,35.099488680737736
ztkjyubreovmzk,ztkjhyubreovmzk,1,7.883256002197674
kzyzsgokzgbere,kzyzsgokzgbefre,1,26.25150038182179
iiriiouvrugurvxg,iiriiouvrugurvx,1,121.41100566733095
vqpbiyscsxobty,vqpbiyscssxobty,1,109.7760272926155
jdoefsogyppfts,jdoefsogysppfts,1,67.21382596682312
mtdvgpuizyqhipio,mtdvgpuizyqhipi,1,103.43350708212287
cgygctdvsuavhf,cgygctdvsuakvhf,1,143.03097335537097
awhyymlmtkvjkl,awhyymljmtkvjkl,1,74.07864537782012
zcalzfdwwcxynrux,zcalzfdwwcxynru,1,105.84838069926523
xoxqeltctuerjf,xoxiqeltctuerjf,1,92.3286641126626
heyakvmnprpltnod,heyakvmnprpltno,1,105.4544431672975
sdzbnisuadskiuxx,sdzbnisuadskiux,1,39.135861514608976
bymqfrowhcmdxmbo,bymqfrowhcmdxmb,1,47.77347161746409
gcllgocnbnoqtnke,gcllgocnbnoqtnk,1,120.38806808937531
efypuhvrjvwqmc,aefypuhvrjvwqmc,1,68.14977168693846
olshmyhaonmdjeat,olshmyhaonmdjea,1,85.15214752753903
eodpbqnuudtszqpl,eodpbqnuudtszqp,1,111.79279009473122
xaazfmgsnuqoyr,xvaazfmgsnuqoyr,1,107.70640714753016
uapvswvtybkkkdsd,uapvswvtybkkkds,1,108.80445651036912
pyumcmaiqednbj,pyumcmxaiqednbj,1,87.7646939535115
hthupqoolfnhjcmi,hthupqoolfnhjcm,1,59.130392912834
wklzvrinsoiicjlr,wklzvrinsoiicjl,1,93.3689693195734
ytcheuygbpxdmhyw,ytcheuygbpxdmhy,1,52.304120207419885
utopsowsclwfit,utopsowsoclwfit,1,112.18648032552088
oeygnxorbegpxego,oeygnxorbegpxeg,1,109.31119459886001
vdohzhmsvytabfxo,vdohzhmsvytabfx,1,122.10520311644845
quqsxhcqakrvem,qubqsxhcqakrvem,1,104.23722817829575
wjeqtkngokdtlx,wjeqptkngokdtlx,1,53.736212271208565
vtkkglbceevkalpt,vtkkglbceevkalp,1,103.13961001304368
ynrmgigbipocnw,ynrmgigbipogcnw,1,75.20331164362568
tjdflyxzzcrdff,tjdflyxzzcrdgff,1,99.09793036640578
hnfrbyrzfxshry,hnfrbyrmzfxshry,1,74.31980589213462
qdcvhcehktsginkb,qdcvhcehktsgink,1,65.25878960365604
doagikzkbtvjtrpv,doagikzkbtvjtrp,1,79.78598576190882
gdzewmgjsowhqo,gdzewmgjsowahqo,1,88.91578044952972
ualzzhbrpokadgqf,ualzzhbrpokadgq,1,124.29843732052363
foyptsoxruolua,foyptsioxruolua,1,95.03932110421886
wqnznozazpdmkccy,wqnznozazpdmkcc,1,146.68379598342756
oimtcyldupxqkxit,oimtcyldupxqkxi,1,108.51219265004444
syxekhhbhreoezom,syxekhhbhreoezo,1,72.73870940413987
lovbqavnthcwfi,lovbqavjnthcwfi,1,53.94447957401653
mjhtydfaszhkosbt,mjhtydfaszhkosb,1,90.06866023083988
yftamgdltlebacdx,yftamgdltlebacd,1,107.90577944421811
zcingrmzxtagefuj,zcingrmzxtagefu,1,29.519671778219866
ycbrdtudghodsd,yccbrdtudghodsd,1,104.93791536152779
ekeymrxgrsvvjx,ekeymrxgrsvvjxn,1,11.6170843150231
imevethhctrxdk,imevethhctrxpdk,1,95.627072437768
cygzxhiinjgcsk,cygzxhiinjgcshk,1,35.411703791428856
emprqsyyobnvuh,emprqsyyobwnvuh,1,145.48387352502883
wgyncqivgmuhdf,wgyncsqivgmuhdf,1,60.0761638167189
ehnniydwodglufzn,ehnniydwodglufz,1,90.22719257406735
owtskuktmkjzwo,owtskuktjmkjzwo,1,113.66166688111667
zghstickgildayry,zghstickgildayr,1,136.74518023668048
rbtgnuyjexnxbb,rbdtgnuyjexnxbb,1,76.36786262523977
wcgdqeruahirtx,wcgdqeruahirtpx,1,77.95848518172566
rbvhxsfagomfie,rbvhxsfalgomfie,1,140.11810259585295
wqkkuxiqkkerfqcm,wqkkuxiqkkerfqc,1,105.62476714504906
qyktlokwcgqsma,qyktblokwcgqsma,1,109.84241704450352
cfnfvwjvlqbhdate,cfnfvwjvlqbhdat,1,114.011863252511
huesjrrsubbzak,huesjrrsubbzpak,1,88.43938674230589
jkopjxstemabutja,jkopjxstemabutj,1,84.02440864488332
kjpjcfdsinnkzrde,kjpjcfdsinnkzrd,1,81.63086034793287
efzwvmsjyefqxjmw,efzwvmsjyefqxjm,1,22.85089427952728
mlcvwpnkdhozkfog,mlcvwpnkdhozkfo,1,70.96183850778462
woclgqjspmdojmdt,woclgqjspmdojmd,1,83.8741605632483
kzmbhetgqlptyapq,kzmbhetgqlptyap,1,109.67721303409573
mrpjyhblvamggs,mrpjyhbblvamggs,1,121.12481492601579
mepfphntssdmjcts,mepfphntssdmjct,1,56.70219206562123
qzsmzqnizglykl,qzsmzqnizglyklu,1,75.25701769304636
hanhkhfzxfviedto,hanhkhfzxfviedt,1,58.65255700268469
mhovpmdoshfwzyeb,mhovpmdoshfwzye,1,110.94158715195334
xpyfzgswwiusmcjo,xpyfzgswwiusmcj,1,108.78056989834997
bfwksmglbydtfwbb,bfwksmglbydtfwb,1,97.39399920076134
nvbvjufwvdnbiu,nvcbvjufwvdnbiu,1,83.63026192212219
rqqwkxnxhrjyrmrx,rqqwkxnxhrjyrmr,1,130.2957466934114
anbxkhtwrqsxja,anbxkhtwrqsxjca,1,59.27827760036752
bmurpyouwtgjff,bmurpyoupwtgjff,1,104.69971292682072
musansbjmflzlcuq,musansbjmflzlcu,1,89.2167060632628
jazhsvywckttmd,jrazhsvywckttmd,1,99.13909357844997
emqllklhnulywm,emqllklhnuslywm,1,95.80307127466537
yjsbmrpuonesijdz,yjsbmrpuonesijd,1,40.12811365510329
asyakadlscetbn,asyvakadlscetbn,1,104.96822282681006
qvfwjqvsuxjyabcv,qvfwjqvsuxjyabc,1,101.93876271596979
cfgobwjchbsbqu,cfgobwjchbsbqus,1,104.38202677083248
ocnxtxwewhvxxrfw,ocnxtxwewhvxxrf,1,72.49358680751952
jvnzzajcpgwtpnih,jvnzzajcpgwtpni,1,113.0228203847284
aoywogjfkvnpis,aoywoxgjfkvnpis,1,109.64111564485314
tvudvlastexstfzs,tvudvlastexstfz,1,152.07754528739835
steqsscdbxzclf,steqsscdobxzclf,1,95.8066873696131
vmeuvrkecundvm,vmeuvrkecunzdvm,1,95.66734583451309
fwddxzyelaonas,fwddbxzyelaonas,1,124.71890822308634
dgjczpxgetuygp,dgjczpxgetuycgp,1,62.40707252863934
mexsazrqbutifarb,mexsazrqbutifar,1,36.47742005558553
joeslenwjumchfig,joeslenwjumchfi,1,69.94530599519757
jmipvjvrouopxxuj,jmipvjvrouopxxu,1,96.4461866866091
vwzvbblgskatnk,vwzvbbblgskatnk,1,77.10710508590216
twxaxyoroaytjucd,twxaxyoroaytjuc,1,112.30206124844939
yespzjihmkuferkb,yespzjihmkuferk,1,71.80208239487017
bvbhoejjjtkgcpxv,bvbhoejjjtkgcpx,1,118.15582940223901
flvecvcqiiphat,flvecvcqiziphat,1,44.24009933053092
zpzpbrwzefcvzo,zpzpbrwzeufcvzo,1,44.467822342768876
ovxijjbxulxypsxq,ovxijjbxulxypsx,1,127.59496062913114
ykrxtzbdzsvrgjvj,ykrxtzbdzsvrgjv,1,82.98855030231145
wzakhudzpublohzq,wzakhudzpublohz,1,98.41619577867125
oyewbjriymzbdckt,oyewbjriymzbdck,1,104.58646595043693
cizegrnlirxmazwk,cizegrnlirxmazw,1,87.59330001628088
frxanqconegrhxub,frxanqconegrhxu,1,79.79438391338265
pfqdsdhydtwkwazd,pfqdsdhydtwkwaz,1,52.77670696005332
sdzktuxmfgwupcwf,sdzktuxmfgwupcw,1,9.101972580214749
iserjuqfcqgagdbl,iserjuqfcqgagdb,1,61.71561780574589
wtukoohdbzmdpsad,wtukoohdbzmdpsa,1,54.5419768482255
ratpcpqeuxsmrr,ratpcipqeuxsmrr,1,66.16335609141541
gqdhirrngaexsu,gqdhirrngaexswu,1,67.23079840663944
klwqrodonjcwqkhu,klwqrodonjcwqkh,1,30.04672759152408
hnfwjgvpudxbmr,hnfwjgvpudxbsmr,1,39.57313471174146
xyoijnpqqnkjzaxi,xyoijnpqqnkjzax,1,116.3727981390785
aqdkksfjfeuqwc,aqdkksfjfeuqwzc,1,99.20377819530681
czxugycrtuwjbl,czxugycrtuwjpbl,1,107.80536700549085
dgifmzkvmjtaegpv,dgifmzkvmjtaegp,1,79.92723087686305
ikeogtepcikazh,yikeogtepcikazh,1,119.7592126956998
uuhozuhfznrxegju,uuhozuhfznrxegj,1,83.74400226353572
oithjdmlvkpvwwdb,oithjdmlvkpvwwd,1,84.21090936606245
hbftuyqebdkhbr,hbftpuyqebdkhbr,1,82.27184914600537
sqfgskeogyxmoyfz,sqfgskeogyxmoyf,1,56.58670553920247
sjamaivjkzszgmvk,sjamaivjkzszgmv,1,97.24518059117139
ndmhnictfwytyeqf,ndmhnictfwytyeq,1,48.611315633586365
joinzwhmgvmzmetu,joinzwhmgvmzmet,1,86.88106906732683
bgwmsbojajnjsxci,bgwmsbojajnjsxc,1,69.39027667598236
fkbnvkhlkspgxk,nfkbnvkhlkspgxk,1,64.88099778568981
myxoualqwmvgrw,myxodualqwmvgrw,1,58.953977433149745
rmfvjkxhwamgvm,rmfvjkxhwamgvjm,1,105.84118510360254
ajjysfcdbfakxmuc,ajjysfcdbfakxmu,1,36.91804873904115
ajduqdxzkhtvjg,ajduqdbxzkhtvjg,1,128.3643085341803
ocnxxnedidgcxgez,ocnxxnedidgcxge,1,83.21560860904682
fgqotjuamrrsteny,fgqotjuamrrsten,1,116.39854883745146
bsxdxajcmdwaeysp,bsxdxajcmdwaeys,1,36.951329004084705
jtlwjcrgkltqeodx,jtlwjcrgkltqeod,1,56.83390552172906
cvixphkbkuroix,cvixphkbkuroixs,1,124.73281261510628
bgtdswxlenretv,bgtdsswxlenretv,1,46.65968890831777
gsbrlylwrlnuaj,gsbrlylwrlvnuaj,1,125.82759079408231
ddnehkixnieclcij,ddnehkixnieclci,1,48.355503039730294
lepoovhgdbqgqq,lepoovhgadbqgqq,1,62.0141592536796
xnbmijujoutgldzd,xnbmijujoutgldz,1,33.82043503541404
ovpchhtbnrorix,ovpchlhtbnrorix,1,60.71011119623168
ivbhsnyqaukswe,ivbhsgnyqaukswe,1,87.65317439413607
ohsopsnmeehhlv,ohsopsnmelehhlv,1,94.69240434762345
hvtbklpacfwnkleu,hvtbklpacfwnkle,1,38.731647003620346
admlgrpqlswmyg,admlgrpqlswmygd,1,117.52628774981973
ugzqiksxogcaiorb,ugzqiksxogcaior,1,112.93603096504563
xgjawmugosfxeakq,xgjawmugosfxeak,1,106.80284612194757
tsffexyuuigbpuvp,tsffexyuuigbpuv,1,33.58599117700774
ickaqyhrjgzuue,ickaqyhrjgzguue,1,107.9583374957181
cihsnphhvyyaip,cihsnpqhhvyyaip,1,29.48301736693496
meswiohideefeykg,meswiohideefeyk,1,45.281446854506605
oxdeugxwxqlxrx,oxdqeugxwxqlxrx,1,99.42742619570788
pygonvanhfcklvju,pygonvanhfcklvj,1,118.62914098070142
arybrxxxycgllh,arybrxxxycgllqh,1,24.11386051899453
gvttttluatyxynox,gvttttluatyxyno,1,101.13330051737798
dqlijkefshbyvg,dqlijkefshbybvg,1,47.42101931170136
xpwhvnjkhpjjhj,xpwbhvnjkhpjjhj,1,54.230957402687345
lvrtprbnaxlpdpij,lvrtprbnaxlpdpi,1,107.05863503518721
suejjjdcwlloiw,suejjjdcwglloiw,1,79.97969880914378
rogdlahfzugpbt,rvogdlahfzugpbt,1,20.907879569228314
aiziqubadidwjnan,aiziqubadidwjna,1,20.463355774776872
cvnlqzzswtzpiyua,cvnlqzzswtzpiyu,1,3.026361108754533
bupdzovvhuvidk,bcupdzovvhuvidk,1,19.237961457901605
vokoozkoydgivl,vokoozkoydgivlj,1,101.76954645812326
ozufnhdhjnwhjjwr,ozufnhdhjnwhjjw,1,138.0015228825728
mzhyqcepkmkglpip,mzhyqcepkmkglpi,1,36.56437063961697
nauphbsmzwumxpwp,nauphbsmzwumxpw,1,51.404759745393214
sqkhyhpqklnctaxj,sqkhyhpqklnctax,1,104.62036910182785
romofzwocpyrol,romtofzwocpyrol,1,104.01250914674588
qkkuyirszniwcyaw,qkkuyirszniwcya,1,70.81032212036682
zfyudspyvwccigjd,zfyudspyvwccigj,1,116.1140480663795
bvzipkjwfmfsej,ubvzipkjwfmfsej,1,21.66456593520241
joalvygdjuggvl,joalvygdjuggvle,1,75.35724158078722
xkbhecjhkdlaiifj,xkbhecjhkdlaiif,1,145.4606126050255
siclinwysqhniuqy,siclinwysqhniuq,1,119.78107884453415
jygbnpkpovyjgasx,jygbnpkpovyjgas,1,94.41956927753154
nubecjbfmhkeyzun,nubecjbfmhkeyzu,1,63.90855278173693
clyyaazvvgfwfh,clyjyaazvvgfwfh,1,26.010382159810774
ybyhrhrzvpgvpd,ybyihrhrzvpgvpd,1,116.37928098624741
mhfewfpzzinecgvr,mhfewfpzzinecgv,1,114.64686502147453
utauamdrrfaxjeyw,utauamdrrfaxjey,1,36.20444965313236
dnlqppklyarjuxiy,dnlqppklyarjuxi,1,82.0607703625825
jwzfermexuavsjsv,jwzfermexuavsjs,1,98.30165044800914
qanhlyvaphjial,qanhlyvaphjiasl,1,65.16634534647827
ugxqjaegyobhto,ugxqgjaegyobhto,1,141.64068036040845
tmsjyalqayekvifi,tmsjyalqayekvif,1,42.783420441427026
qlnidkdpodhosozo,qlnidkdpodhosoz,1,14.028996532338933
nouwylkhbfagetjr,nouwylkhbfagetj,1,68.59892123623322
pgdqlpaylaacqagc,pgdqlpaylaacqag,1,78.2922975268041
agevfjszxzfwvx,agevfjshzxzfwvx,1,109.10508460594583
vmtatlzzbomlyv,vmtatlzzbomlyvr,1,76.56495113244746
iqytqaapoucfhwpk,iqytqaapoucfhwp,1,123.48395324704515
gfncjrxddcrsqt,gfncjrxddcrssqt,1,32.104832884717894
qydecwaqydmuej,qydecwaqydmuiej,1,103.89523599568177
jgnzorseajggox,jgunzorseajggox,1,79.47534833771657
osuoxxqjabwiaj,osiuoxxqjabwiaj,1,48.41178946503819
nproywygjassyu,nprpoywygjassyu,1,116.74753591662575
osqswfhxwewxvq,osqswfhxwewxzvq,1,107.33241396966311
ahtthbgomrfobx,ahttnhbgomrfobx,1,52.18491310377837
rjuxjcwpfutnur,rjuxjcwpfutnurz,1,85.818054950851
oztbbzcuphaiyqkq,oztbbzcuphaiyqk,1,114.0253965764982
dynuyzepyddkacvw,dynuyzepyddkacv,1,53.26832709828206
tsikvhfkqdbeocps,tsikvhfkqdbeocp,1,79.41867716457106
lslpqqhcbyscbz,lslppqqhcbyscbz,1,94.50714585053389
pavlxbcttucdgw,pavlxbicttucdgw,1,133.75328211262706
bjrijswuemyjyxyy,bjrijswuemyjyxy,1,85.64095166136096
npnikxalhwjiufck,npnikxalhwjiufc,1,99.85803864728534
fwafdahyfrfzme,fwafdahyfrfzmey,1,58.68846886562294
zclolkxeybnsyc,zclolkxeybnsxyc,1,62.227785473216805
vtxgidspyfanqrui,vtxgidspyfanqru,1,104.0454312107018
zwlryoucnvhfxj,zwlryoucnvhfxdj,1,100.66249181482425
kbgnkfqalilrpn,kbgnkfqalilrqpn,1,38.164135095344
yozyamsxghbpmeuy,yozyamsxghbpmeu,1,47.71822825503313
dnuygiszulfhsg,dnuydgiszulfhsg,1,83.32007803643384
wfxcvfuxlazsoa,wfxcvfuxlazosoa,1,107.75513590230062
qznoouvmmkagnvmh,qznoouvmmkagnvm,1,104.24254429607835
nikvrodiuehhhowf,nikvrodiuehhhow,1,76.8547625065783
bpbmcbvcubbvjz,brpbmcbvcubbvjz,1,96.4274882516264
nkxstwldonjgpw,nkxstwldonjgpcw,1,8.228400953979957
ebcscjqqfwsoet,ebcscjqqfwsoejt,1,54.24056512236914
rwzpzhqicufkvz,arwzpzhqicufkvz,1,116.59767732752803
fqqnasayljiadt,fqqnasayljiahdt,1,130.7607584721162
thdrnalduwbtwoax,thdrnalduwbtwoa,1,110.06883167674344
kdjolainnanbroot,kdjolainnanbroo,1,67.40225368439724
ivjblontffoipzsp,ivjblontffoipzs,1,56.328115758963925
zxohlrdetweuqrpd,zxohlrdetweuqrp,1,143.85197964370016
aqzxvcauldsdvn,aqzmxvcauldsdvn,1,5.3019609635498455
ceccizfmavfqktqf,ceccizfmavfqktq,1,64.05719978014173
pgyrmamrvfzsum,pgyrmamrvfzsumg,1,109.10722794637138
dxusthxirecdmjbl,dxusthxirecdmjb,1,78.71804053602534
rqttsgeukksiti,rqjttsgeukksiti,1,17.487944156877752
bdjrizufiyptna,bdjrizufiyptzna,1,65.65689950369159
rhqtuodxrsjeskjr,rhqtuodxrsjeskj,1,102.39844883347453
pstliqxqewyujsub,pstliqxqewyujsu,1,111.60251760292672
vijodkwygaucna,vijodkwygaucnaw,1,91.54553139396187
xscgipanpfpnzq,xscgipanpfpndzq,1,91.74289511061147
pijzioeqkuupvy,pijzioeqkuupnvy,1,50.37076767360321
kirkrihcjlsldjwf,kirkrihcjlsldjw,1,115.76243256809185
nallxmclelxpnoce,nallxmclelxpnoc,1,94.0356656073081
exhxuwciadkmwb,exhxufwciadkmwb,1,113.87284341526377
ywdsowudlqxloc,ywdsowudlqxvloc,1,66.29520781359825
ksoaobaxvfrnpn,fksoaobaxvfrnpn,1,97.2837090232953
rnexnszhvhljaw,irnexnszhvhljaw,1,16.236514536064075
zdbvlicubrbcjm,zdbvlvicubrbcjm,1,132.3982083063786
onawctgkzltyxtyb,onawctgkzltyxty,1,109.15739333013177
oihwdafxwojjbrta,oihwdafxwojjbrt,1,117.29504604072822
nelqhjtyybpzzeoh,nelqhjtyybpzzeo,1,46.55471495707304
hailordgyxbicrhf,hailordgyxbicrh,1,55.34999277205958
qetpifihwnyqyf,qqetpifihwnyqyf,1,81.73209253045452
zwpqlptawvaosn,zwpqlptawlvaosn,1,147.2921188033393
dnymnzlcwqtuoqsz,dnymnzlcwqtuoqs,1,119.20574930851166
snccgrarukzomn,snccgraruknzomn,1,53.92340286190362
wupahapykzpyabfs,wupahapykzpyabf,1,6.258369650077503
jkhlxushidxvcjzg,jkhlxushidxvcjz,1,111.09502229375883
sqzaxohpvebajdhq,sqzaxohpvebajdh,1,63.15394367796261
lvwchywwbmoohp,lvwchywwbmoohpl,1,60.65178143254379
xqfmrxklfnfhfa,xqfmrxklfsnfhfa,1,32.16567574223747
brjripctwujilchz,brjripctwujilch,1,57.75988795348175
sirvgfodfnusbs,sirvgfodfnussbs,1,81.48892334292809
cksfokhbettdolhq,cksfokhbettdolh,1,82.07766505412326
fifbnybgeqrrzdih,fifbnybgeqrrzdi,1,75.8335112777129
giqkiyxmswpvld,gibqkiyxmswpvld,1,42.37393730788802
tcqzqchhnpptfmba,tcqzqchhnpptfmb,1,98.35274871521828
jsuouelxdktssi,jsuouelxdktssji,1,102.18632702627114
rymnoeiannxkxe,rymnoeeiannxkxe,1,119.14670090788785
lvmpowsyedqazw,lvmpowsyedqazew,1,105.79970717345452
dqlasfpqsbilpg,dqlasfpqysbilpg,1,123.61162603772345
hwsimzqznrraql,hwsimzqznrrgaql,1,95.25950238434221
gntjyrqcmwhmdscx,gntjyrqcmwhmdsc,1,112.6491476401296
rfoexvzsmwooda,rfoexvzsmgwooda,1,129.19772718184987
ezjwbtvejqzxatef,ezjwbtvejqzxate,1,75.13998169630332
yrfhnoyoxfadlrym,yrfhnoyoxfadlry,1,103.18108965358827
eelcwxrocbmpoawf,eelcwxrocbmpoaw,1,93.76118193572331
ynfbvtnfqtebycsk,ynfbvtnfqtebycs,1,22.40313738512897
msqetvlodwmdjt,mxsqetvlodwmdjt,1,96.81965743795182
xjolcxjgrnwzjx,xjolcxjqgrnwzjx,1,78.92978638853077
pmnxtroxhzddmqfb,pmnxtroxhzddmqf,1,135.9531206943528
qpueekfnuhjqte,qpueektfnuhjqte,1,74.52692762875326
brhucorhilbnol,brhubcorhilbnol,1,96.37005780853391
jycgerqoiwppcmht,jycgerqoiwppcmh,1,81.09131657015959
yhujwfkbbkowqs,dyhujwfkbbkowqs,1,26.36755440520528
oyravirqzlrfdj,oyrapvirqzlrfdj,1,80.35512604468111
biwxqnehqeoxejns,biwxqnehqeoxejn,1,86.30098084197297
vzfgelwhprjqysno,vzfgelwhprjqysn,1,50.91669380284281
amolnwwsjpadcqvc,amolnwwsjpadcqv,1,91.08608476744722
ockjsztxvyhuaa,ockjszqtxvyhuaa,1,79.81412121542745
cccendrhkauyce,cccendfrhkauyce,1,31.17872758755778
beqipipfojrkgfuh,beqipipfojrkgfu,1,82.70215645226064
klrsbpciinzoxtzr,klrsbpciinzoxtz,1,131.502383048795
sdsxkjuevogzai,sdsxikjuevogzai,1,100.86985657191035
gkchslxjemyjqx,gkchslxjemyjqxo,1,112.66321618653153
khturndbcoaboavu,khturndbcoaboav,1,17.5967474724863
hwabmpwnkyjtpl,hwabmpwnbkyjtpl,1,64.30238910175456
iqxbqbpviwsxaxoz,iqxbqbpviwsxaxo,1,121.9087797521205
yihmlcumfzsyreqo,yihmlcumfzsyreq,1,38.56515965699794
pcacnomdanbkxp,pcacnomdxanbkxp,1,110.74555226116856
jbpdkuolvfofgg,jbpdkuolvfofsgg,1,85.35794112981677
ymgwnvaqtxxpenwt,ymgwnvaqtxxpenw,1,130.12093303289464
wquiitfegeyfpf,wquiaitfegeyfpf,1,107.50717958949983
xmabcylzeadgfhmv,xmabcylzeadgfhm,1,28.395933388652512
hpzzcfqonnwwyv,hpzzcfqonnwwyzv,1,45.324049514131445
cdtzmyvyqrtvlvrb,cdtzmyvyqrtvlvr,1,117.58509313851899
nctdpdvyjezwlc,nctdpdvyjeczwlc,1,84.86474569110918
xwgebzaahmklvw,xwgebztaahmklvw,1,87.97657957849789
wkmsodqhpdripiuh,wkmsodqhpdripiu,1,133.20534337858996
okrqekbulxytxspz,okrqekbulxytxsp,1,120.83554064301079
mvqnkzfpserbqt,mpvqnkzfpserbqt,1,55.70035351940726
kyywbcgqsvkmcx,kyywbqcgqsvkmcx,1,86.5235377327796
efklcphvtmsvthgt,efklcphvtmsvthg,1,32.419017292930825
nsfkpfjlzhevxpzv,nsfkpfjlzhevxpz,1,67.64368734420192
hgqgalyzgrutil,shgqgalyzgrutil,1,79.02531916389417
iixfdzxsevqxzikz,iixfdzxsevqxzik,1,42.97141982825263
xwhyshlruqdbuj,xwahyshlruqdbuj,1,62.724441328928684
wjnpfejxuxlletzd,wjnpfejxuxlletz,1,37.03820227730378
xytjdfdwahnheeen,xytjdfdwahnheee,1,104.61702118547285
vkdawtmvggnxfs,vkdawtmvwggnxfs,1,123.15679364484117
migjpynraqaqmt,migjpynpraqaqmt,1,106.65117478227347
prtcuwulamigwkfz,prtcuwulamigwkf,1,96.37620541571894
akvfttqtbvmpfs,akvnfttqtbvmpfs,1,145.89961298266314
jixdyvkhwaires,jixdiyvkhwaires,1,124.794314208252
pcrcxpiedsqpsuji,pcrcxpiedsqpsuj,1,10.015032893653956
xsqrbygzoppycsjf,xsqrbygzoppycsj,1,72.15234439680529
nwgvawnvvirihd,nwcgvawnvvirihd,1,54.83611102200088
xwhfpfspjtxkhb,xwhfpfspjtyxkhb,1,36.03328203467207
soplregwsjqmkr,soplregwstjqmkr,1,108.26531593004766
lpdshssxbisrsfjp,lpdshssxbisrsfj,1,54.57149481441869
loofokoslyckrj,loofokoslyckurj,1,60.916006464462555
njvyhfguuzkumqrk,njvyhfguuzkumqr,1,64.17330428177941
auexhmfeznzzplor,auexhmfeznzzplo,1,78.08000457165475
onnujxqtcmhyudad,onnujxqtcmhyuda,1,66.48128896160287
rdtyeuiijdyldfeg,rdtyeuiijdyldfe,1,54.37301214623071
rzyewkrwvujjvn,rzyewkrdwvujjvn,1,130.10517083493
goqkvxkesmnjdbok,goqkvxkesmnjdbo,1,43.08684688954003
hlystrxxsucwyc,hlystrxxfsucwyc,1,94.91776278303709
aontzspcvwnkqcxl,aontzspcvwnkqcx,1,98.09618633545807
yigppwdamevtrspe,yigppwdamevtrsp,1,62.36629715520357
ldhdyaddodwjaess,ldhdyaddodwjaes,1,100.2122152278976
krltqekeekcefy,kgrltqekeekcefy,1,71.9099337393696
rpbsydfocxksyp,rpbsydfocxksyap,1,105.15697459131046
mekirlmfmxixch,mekkirlmfmxixch,1,20.982601059211852
nolvrnlfxmscyeek,nolvrnlfxmscyee,1,103.24841310197428
isuwtuoulayond,isuwtuoulabyond,1,62.898516406526426
efakaunfpckmftiy,efakaunfpckmfti,1,80.14206495557836
njphwvqucbpmio,njpbhwvqucbpmio,1,112.9843147849261
vyntkleihdnoeu,vyntkleihdnnoeu,1,101.8840812043236
lvawlugsbqnnxsdc,lvawlugsbqnnxsd,1,107.0442935131252
cngkpjldqnsyhtnb,cngkpjldqnsyhtn,1,83.27504026760212
tdvanpcigiwtsa,tdvanpcigizwtsa,1,76.28646080480792
ifqnfcgozedtwzyo,ifqnfcgozedtwzy,1,89.13427094199776
mcnyidrgdlunyene,mcnyidrgdlunyen,1,111.78068839706914
jtmatmmwtdvbbteu,jtmatmmwtdvbbte,1,45.151137591446734
kmthnapwekqlkegv,kmthnapwekqlkeg,1,99.15961244944727
bkwleierhlgwnjlq,bkwleierhlgwnjl,1,75.10010564848046
xbszghifuohyvn,xbszghxifuohyvn,1,16.28249709111466
eqlqioncknzyww,eqlqfioncknzyww,1,19.824240744949492
qibvbzovbbersnbw,qibvbzovbbersnb,1,117.91012489330494
vqqqmzpahlceppko,vqqqmzpahlceppk,1,114.35378491985273
stepmujiritzvm,stepvmujiritzvm,1,119.7224711488418
yudapmeqfqtgccsr,yudapmeqfqtgccs,1,88.1146018122029
yfbbsyjelixhba,yfbbsyjelixhbra,1,115.77922833274103
qbbxxsvunvffaeao,qbbxxsvunvffaea,1,110.44100492935955
qfqnjlspjvelzm,qfqznjlspjvelzm,1,88.84639202199048
cmchonsusgcifw,ctmchonsusgcifw,1,82.69317162566853
vchpvdlicfxhupxz,vchpvdlicfxhupx,1,102.89111879108756
dborlgxpqsioczzz,dborlgxpqsioczz,1,41.57848402998268
ehyopoutsmxssm,ehyopoutsumxssm,1,69.87250941208634
eqbkezykjxxiuq,eqbkezylkjxxiuq,1,89.65039495925397
jmfjjqkvairwfq,jmfjtjqkvairwfq,1,15.4384935819432
jxyabniyvwyanbgq,jxyabniyvwyanbg,1,139.68474357499926
gpqsrzwqkukeboht,gpqsrzwqkukeboh,1,14.902691603466826
veuugichbhxcwe,veuugichbhxkcwe,1,111.17112672929545
ikwteptwskoigw,ikuwteptwskoigw,1,49.96749585311444
krrgbcwqffesxrbx,krrgbcwqffesxrb,1,115.9248081350305
denxgbutsbaiwy,wdenxgbutsbaiwy,1,105.28014734304979
ughoewggarnjhx,ughoewgbgarnjhx,1,123.9493340152392
uvlkortnafkzeq,ufvlkortnafkzeq,1,86.61301868519266
kqqlqlfxpkvkuq,okqqlqlfxpkvkuq,1,123.19806330494946
iosqeupsjquxvlwl,iosqeupsjquxvlw,1,82.37606964978006
pjysapftpmzshbit,pjysapftpmzshbi,1,125.1470689922359
eapmupwvbgazjr,ewapmupwvbgazjr,1,118.84596904047936
pqnwvewucvhcqa,pqnwvewucgvhcqa,1,97.20899811489215
mxnywuyxbkvmjowx,mxnywuyxbkvmjow,1,30.91829057474418
vhmxmfojrecgws,vhmxmfkojrecgws,1,75.06569533116317
lteomnbwejaaoous,lteomnbwejaaoou,1,64.6153448365166
wtqixouvnthwhehy,wtqixouvnthwheh,1,83.69958175022994
dzbkybuytfyfpv,edzbkybuytfyfpv,1,91.43481217412518
pfbonaysemqxjm,pfbonayssemqxjm,1,90.96925422175703
lggihvzitzfuzg,lggirhvzitzfuzg,1,32.53315387500807
hoxbsubpiploai,hoxbdsubpiploai,1,143.71010270829157
eikluckyphzowjqb,eikluckyphzowjq,1,64.65652935828695
gkupyqxubalryskg,gkupyqxubalrysk,1,107.9054871754868
zmnwvsfxdeusfjtd,zmnwvsfxdeusfjt,1,46.89671610475237
trzjkbvfktvnxx,trzjkbvfdktvnxx,1,101.17668611124536
ytfeyccfcofgyx,ytfeyccfcofgybx,1,91.30952898538115
snnpaavhgjzjce,snnzpaavhgjzjce,1,103.43103456232772
npaeckjewohcreex,npaeckjewohcree,1,111.38252235453606
ekluplyeorhlikgf,ekluplyeorhlikg,1,47.429580480366994
vondlefrswafvqbw,vondlefrswafvqb,1,27.71774884547157
oqluaolaodwsiedl,oqluaolaodwsied,1,94.47337133729867
wiilaphnkmcnvf,wiilaphnkmcnuvf,1,91.30633528994666
vnzleyktwatmpq,vnzleyktwatsmpq,1,88.41438801838044
fuvhnjmuzpsxov,fuvhnjmuzpsxovv,1,98.7531150393652
diibhpfvplrwzr,diiwbhpfvplrwzr,1,30.53588438674847
bbbuzqijshiszupk,bbbuzqijshiszup,1,68.44815326561536
rabdgbwnqgjhxlkc,rabdgbwnqgjhxlk,1,95.89169625217043
erjitbfxcvuftv,erjitbfxcnvuftv,1,109.25517860384521
blwhajxbheoddsig,blwhajxbheoddsi,1,119.58134132189502
mrjwkacapwelrlto,mrjwkacapwelrlt,1,73.29085414832258
ytmelvvowhmjvavf,ytmelvvowhmjvav,1,121.31329978237261
gnftbvsarrnrtmxc,gnftbvsarrnrtmx,1,99.30385650393615
flcblkvoapniuwys,flcblkvoapniuwy,1,67.00355719612872
gcwppvxjphjtztse,gcwppvxjphjtzts,1,124.91797962297346
wayjfwetipduxvgm,wayjfwetipduxvg,1,92.83444989660744
rwabfvjvzcdkejwr,rwabfvjvzcdkejw,1,78.34235703502706
koqrcsciadhxyhtx,koqrcsciadhxyht,1,88.14749425089786
auyxnvqlqirovemx,auyxnvqlqirovem,1,101.44732005276059
ttrthwnrmsravowr,ttrthwnrmsravow,1,102.06385465334293
vtkxzhbgzsqboujb,vtkxzhbgzsqbouj,1,92.25293477550616
pzuifxxwdaloeg,pzuifxxwdafloeg,1,38.492613964426006
fhlajvwqydlney,fhlajvwqiydlney,1,89.23961706486944
onbxmkuzjopior,onbxmkuzjdopior,1,107.15217876038875
csawacdbbkcntlhl,csawacdbbkcntlh,1,100.30484583885237
amzqxypdeiuron,amzqxypdepiuron,1,111.61926737106923
iyspwqwhodddnl,ilyspwqwhodddnl,1,92.72863961461917
ymlaaqbxvvrqvd,ymlaaqbbxvvrqvd,1,20.967621368787064
huavrlttsvhnmg,huavrlttsvhcnmg,1,149.12420359387968
uypdeymmfnlgyw,uypdeymmfnljgyw,1,94.22833909205228
ohftrxkayplekxlf,ohftrxkayplekxl,1,105.94064569509489
btyoqxbtuviruoix,btyoqxbtuviruoi,1,6.8279412473355325
frfdvecqovuuiggu,frfdvecqovuuigg,1,110.4749050526603
bxulwnwokaydutjb,bxulwnwokaydutj,1,104.2148880296411
abdrzmklbcblpe,abdrzmklbacblpe,1,119.19659473762432
ydgcziwrxneuvi,ydgcziwjrxneuvi,1,66.57245310526996
frwxlhpiyvhjabgi,frwxlhpiyvhjabg,1,101.49420541730129
gbbrherqzeapjipj,gbbrherqzeapjip,1,105.68873671040777
usjpmtdpdggqvzee,usjpmtdpdggqvze,1,101.95053265986151
gwxiynftleqlgf,gwxicynftleqlgf,1,56.067971151974774
uymqkguxnaglzb,uymqkguxnagxlzb,1,113.05004548564325
hbqsswdnugypmu,hbqsswdnugypmxu,1,51.22382867974819
nauuaxpovwahffvl,nauuaxpovwahffv,1,108.87182360751953
klcumopugaffsrgb,klcumopugaffsrg,1,84.04071295971447
mvcmqivogmrayi,mvcmqwivogmrayi,1,55.24616406109392
xknzcomkfhsplnce,xknzcomkfhsplnc,1,41.70799296183484
metjjomsxfnkpzdm,metjjomsxfnkpzd,1,110.1314689050849
zgnrtuhsjexvhxbm,zgnrtuhsjexvhxb,1,90.30069465950082
ashvrgdraiqzwpsh,ashvrgdraiqzwps,1,128.99600571937717
gbpijvxzcrudlm,gbpijvxzcrudclm,1,91.75580153582818
fgypukulzhssxu,fgypukuvlzhssxu,1,102.37053804963678
oeyxoabxrgcsqd,oeyxoabxrgcusqd,1,90.76380526892079
gapelaqbhjgkwj,gapelaiqbhjgkwj,1,136.05020337829617
dhjzqtaklhirzkab,dhjzqtaklhirzka,1,103.8880821160237
wxppnpzhftkdezjm,wxppnpzhftkdezj,1,119.78024599139
bmapwfxyetzojp,bmapwcfxyetzojp,1,88.83964613323974
bytgensegefxld,bytgensexgefxld,1,48.37135786899306
wqbfetrlncnbwc,wqbfeturlncnbwc,1,94.37299013357317
mvqplizhndxqckzu,mvqplizhndxqckz,1,130.91252265766863
kpvjvgystmdylxgp,kpvjvgystmdylxg,1,107.73247827351915
eblnfgyzjivezy,eblnfghyzjivezy,1,96.00249803633163
wfzglsascllpqhmo,wfzglsascllpqhm,1,71.60862025928644
iijelrtkbngncf,iijelertkbngncf,1,113.79745310748484
gxzrgfqdvgahev,gxzrgfqdvgiahev,1,56.996095457714425
nbalfafadvupztof,nbalfafadvupzto,1,108.232019685956
zpxpuvtgdlnhgemy,zpxpuvtgdlnhgem,1,95.01958620252165
enqufsbjqqtkeycv,enqufsbjqqtkeyc,1,121.10952880861886
cjspsxdnevzknfrz,cjspsxdnevzknfr,1,37.375549358027676
afjwsbqnewbaqz,afjwxsbqnewbaqz,1,73.02734592116481
crsvzutavagrro,crsvzutavwagrro,1,71.36342342138387
yypjcvlznbrxcx,yypjcvlwznbrxcx,1,115.76078639700707
wuogubjqzrgbkmjh,wuogubjqzrgbkmj,1,109.4790494595022
yaezeujprnkeqoay,yaezeujprnkeqoa,1,149.78905556401887
tmgqakimqrijjh,tmgqakimqrijdjh,1,63.60030586955367
wtixjzwylkitmg,wtixpjzwylkitmg,1,113.56256029696553
jtkmhwtowqwyhb,cjtkmhwtowqwyhb,1,103.31097931506379
chahartznqgjof,chahaortznqgjof,1,35.60597795717049
juxhyxeaftnohwkd,juxhyxeaftnohwk,1,112.29741610080693
gaymzbnvnvsbjo,gatymzbnvnvsbjo,1,95.96012212170344
gpxphbxefkcbhury,gpxphbxefkcbhur,1,76.73226032222175
luhiiewolhoglykf,luhiiewolhoglyk,1,84.67324886971379
nqtybifsmzbjmv,nqtykbifsmzbjmv,1,81.93806357632147
nelkpdvdnjrgxa,nelkpdvdnjrgxea,1,132.41690166991515
dalsmfdkmgbwlg,dalsmfdkmgbwlig,1,21.898939134902378
yyrowuyshdfyszmo,yyrowuyshdfyszm,1,112.07591264886182
kxluygzpqsbysg,kxluygzpqsebysg,1,103.79499919193196
xohppjxqisumvg,xohppjxqrisumvg,1,113.65641487367512
spxarumygtlfheoq,spxarumygtlfheo,1,87.78592338828993
wfweapwhyxdszlxd,wfweapwhyxdszlx,1,76.42854891523918
bifumrxkdlugst,bifumrxkdlbugst,1,149.7318544340811
ytywmkvfkrnivj,ytywmokvfkrnivj,1,79.14111310467453
olbkgnhntadfnd,olblkgnhntadfnd,1,79.69411093240964
wvkvdgljmxjdvm,wvkvdgljmxxjdvm,1,136.87295273193976
yjiykorobzksidfr,yjiykorobzksidf,1,120.58500119698233
ipwddeqfbyqirgho,ipwddeqfbyqirgh,1,82.6907720947508
xqczojeionlmho,xqczojeionlmhao,1,42.64178643642367
obpqvmhvrrxokxrt,obpqvmhvrrxokxr,1,83.91073367681564
fvpzteylpebqch,fvqpzteylpebqch,1,46.88362445103086
gqvcgqkfegbkix,gqvvcgqkfegbkix,1,133.17216447528887
erhhbbgylvolbtfd,erhhbbgylvolbtf,1,73.33504901503349
tyjuomprjoaink,tyjuomprjoaibnk,1,76.27463769589166
gcqcgbafrvfxdb,gcqcgkbafrvfxdb,1,112.2354343840813
fohkyjyymjmxoilt,fohkyjyymjmxoil,1,74.31976525804777
xqcfvfincokwrz,xqcfvfincokwrzj,1,82.37435347767357
hnyjpfneoghisatk,hnyjpfneoghisat,1,35.30371359268352
hsaggjqwlbkhousd,hsaggjqwlbkhous,1,100.43724843232121
hkwkncfulhsxifzj,hkwkncfulhsxifz,1,51.63782885919776
emtxiovukbxfzesw,emtxiovukbxfzes,1,130.8009133292901
jmciuxckujswpfxi,jmciuxckujswpfx,1,91.41087897438538
qaxuphaolvjrhl,qaxuphaoylvjrhl,1,102.66911420846236
llbscxybviwfaz,llbscxybviwffaz,1,80.71175161817591
mmxxnrpejztarpmm,mmxxnrpejztarpm,1,44.367590101853246
gtsmphpcjoucvfhj,gtsmphpcjoucvfh,1,92.3632447539703
bgmcfsikyxlcyu,bgmgcfsikyxlcyu,1,54.1766007620278
nfkolliibzafrywg,nfkolliibzafryw,1,66.76175436397213
ofgsfmllmkklkn,ofgsfmllmkklkxn,1,93.34822800130608
hvvkgbrbmgdvhd,hvvkgbrobmgdvhd,1,137.64890570487046
ybmgwdazvhltehjk,ybmgwdazvhltehj,1,20.40317326850043
qdrthiggkznmmkqf,qdrthiggkznmmkq,1,82.05796833339534
myhmpalakwilfgqh,myhmpalakwilfgq,1,90.23989377641398
igpsfujkbpjcor,igpsfujkbpjbcor,1,81.8019031528739
srvqpomxrbyvtxoh,srvqpomxrbyvtxo,1,36.79890946261441
wkczigwfghsymb,wkczigwfzghsymb,1,29.390797405556455
kivinptnrgmkkfjz,kivinptnrgmkkfj,1,71.86047398726015
fvuznamommofkzus,fvuznamommofkzu,1,64.72010606007875
qbdrcnrfvjfvotmr,qbdrcnrfvjfvotm,1,113.59485547670896
nimzrudukylkuffr,nimzrudukylkuff,1,45.71759711394597
djrdavaldkhfwc,zdjrdavaldkhfwc,1,59.11052313949588
rpspfebzkocnpz,srpspfebzkocnpz,1,64.21778575555071
neekrixhoinozq,neekripxhoinozq,1,101.24040201957098
avoebuyluitrngtp,avoebuyluitrngt,1,94.1723368292552
pghxyvtkbpvjzrcr,pghxyvtkbpvjzrc,1,85.03599421907226
